{
  "0": {
    "ner": 16859.562147974026
  },
  "1": {
    "ner": 5990.5139773112405
  },
  "2": {
    "ner": 4478.45205857907
  },
  "3": {
    "ner": 3676.5353477947865
  },
  "4": {
    "ner": 3041.555204119301
  },
  "5": {
    "ner": 2708.61155760391
  },
  "6": {
    "ner": 2365.0328221431196
  },
  "7": {
    "ner": 2151.2886557242705
  },
  "8": {
    "ner": 1944.4288875196373
  },
  "9": {
    "ner": 1857.0009259195094
  },
  "10": {
    "ner": 1626.218638582523
  },
  "11": {
    "ner": 1550.237247732257
  },
  "12": {
    "ner": 1458.1374000199235
  },
  "13": {
    "ner": 1361.1880153318818
  },
  "14": {
    "ner": 1238.540525904591
  },
  "15": {
    "ner": 1147.1534748997115
  },
  "16": {
    "ner": 1073.5846564558906
  },
  "17": {
    "ner": 983.307164797089
  },
  "18": {
    "ner": 1081.7067796060082
  },
  "19": {
    "ner": 913.0313918338494
  },
  "20": {
    "ner": 877.9734199239106
  },
  "21": {
    "ner": 863.2030305059395
  },
  "22": {
    "ner": 848.9521387984764
  },
  "23": {
    "ner": 810.7104661539681
  },
  "24": {
    "ner": 815.1893857952681
  },
  "25": {
    "ner": 771.2494014067618
  },
  "26": {
    "ner": 738.824911469887
  },
  "27": {
    "ner": 614.671281438121
  },
  "28": {
    "ner": 657.5577547864115
  },
  "29": {
    "ner": 677.2730842475358
  },
  "30": {
    "ner": 611.8064976184428
  },
  "31": {
    "ner": 621.2248731267007
  },
  "32": {
    "ner": 582.6218950733266
  },
  "33": {
    "ner": 629.9903440027293
  },
  "34": {
    "ner": 649.1900186419267
  },
  "35": {
    "ner": 548.2206032757789
  },
  "36": {
    "ner": 534.2287706710158
  },
  "37": {
    "ner": 562.856146505825
  },
  "38": {
    "ner": 497.29451116524297
  },
  "39": {
    "ner": 502.84228336930033
  },
  "40": {
    "ner": 505.70431783616027
  },
  "41": {
    "ner": 491.84543411072286
  },
  "42": {
    "ner": 500.52685552654424
  },
  "43": {
    "ner": 471.9014436136449
  },
  "44": {
    "ner": 439.75506441152066
  },
  "45": {
    "ner": 473.54850487114686
  },
  "46": {
    "ner": 448.4077130363622
  },
  "47": {
    "ner": 460.9751814667036
  },
  "48": {
    "ner": 418.0534646302599
  },
  "49": {
    "ner": 400.5616566724267
  },
  "50": {
    "ner": 437.7078555798779
  },
  "51": {
    "ner": 338.9996890601164
  },
  "52": {
    "ner": 376.15340698547976
  },
  "53": {
    "ner": 396.6231835187324
  },
  "54": {
    "ner": 414.5204740966595
  },
  "55": {
    "ner": 400.14211323714784
  },
  "56": {
    "ner": 366.21410014959565
  },
  "57": {
    "ner": 371.0297732047275
  },
  "58": {
    "ner": 354.68620961440996
  }
}