{
  "0": {
    "ner": 25099.775432536546
  },
  "1": {
    "ner": 10309.950959015418
  },
  "2": {
    "ner": 8109.526442547399
  },
  "3": {
    "ner": 6961.096507797688
  },
  "4": {
    "ner": 6230.46227302176
  },
  "5": {
    "ner": 5605.828499228506
  },
  "6": {
    "ner": 5131.574185076403
  },
  "7": {
    "ner": 4730.096605474445
  },
  "8": {
    "ner": 4427.558850858423
  },
  "9": {
    "ner": 4194.2343603024665
  },
  "10": {
    "ner": 3966.0450066347084
  },
  "11": {
    "ner": 3659.550786594699
  },
  "12": {
    "ner": 3499.829587995795
  },
  "13": {
    "ner": 3316.6507978300097
  },
  "14": {
    "ner": 3193.334158817984
  },
  "15": {
    "ner": 2992.379511006002
  },
  "16": {
    "ner": 2849.478947230121
  },
  "17": {
    "ner": 2752.321328006341
  },
  "18": {
    "ner": 2689.721612963384
  },
  "19": {
    "ner": 2510.0959859635027
  },
  "20": {
    "ner": 2497.069828252909
  },
  "21": {
    "ner": 2492.8289610488027
  },
  "22": {
    "ner": 2341.6985745752977
  },
  "23": {
    "ner": 2245.743951082075
  },
  "24": {
    "ner": 2196.5005860046163
  },
  "25": {
    "ner": 2092.828410411898
  },
  "26": {
    "ner": 2032.500739747972
  },
  "27": {
    "ner": 1894.7644507350753
  },
  "28": {
    "ner": 1868.1472980635244
  },
  "29": {
    "ner": 1936.4146077203516
  },
  "30": {
    "ner": 1832.0106853014397
  },
  "31": {
    "ner": 1860.066062303458
  },
  "32": {
    "ner": 1718.7353202838553
  },
  "33": {
    "ner": 1713.1148376071114
  },
  "34": {
    "ner": 1712.0599852462653
  },
  "35": {
    "ner": 1595.7808995910073
  },
  "36": {
    "ner": 1667.277091604811
  },
  "37": {
    "ner": 1566.378616650176
  },
  "38": {
    "ner": 1575.5284566503783
  },
  "39": {
    "ner": 1505.486072505867
  },
  "40": {
    "ner": 1486.5960748603065
  },
  "41": {
    "ner": 1485.6857023908155
  },
  "42": {
    "ner": 1577.250409245314
  },
  "43": {
    "ner": 1414.5680086735674
  },
  "44": {
    "ner": 1371.1000364805282
  },
  "45": {
    "ner": 1432.7397704895664
  },
  "46": {
    "ner": 1370.7879022471477
  },
  "47": {
    "ner": 1423.5317626901956
  },
  "48": {
    "ner": 1321.9366155711969
  },
  "49": {
    "ner": 1372.9222662960306
  },
  "50": {
    "ner": 1310.5887757430428
  },
  "51": {
    "ner": 1234.0789638189676
  },
  "52": {
    "ner": 1214.4386437234277
  },
  "53": {
    "ner": 1243.9129907493818
  },
  "54": {
    "ner": 1194.9212133384326
  },
  "55": {
    "ner": 1189.4213429030156
  },
  "56": {
    "ner": 1223.1235077823335
  },
  "57": {
    "ner": 1224.5534534800493
  },
  "58": {
    "ner": 1210.7363595665597
  },
  "59": {
    "ner": 1130.748694525509
  },
  "60": {
    "ner": 1176.9057716269574
  },
  "61": {
    "ner": 1174.1793988748675
  },
  "62": {
    "ner": 1125.2499479893327
  },
  "63": {
    "ner": 1134.0139646139212
  },
  "64": {
    "ner": 1027.5184607886958
  },
  "65": {
    "ner": 1088.97093613158
  },
  "66": {
    "ner": 1091.928070076245
  },
  "67": {
    "ner": 1136.417464401004
  },
  "68": {
    "ner": 1036.882337897988
  },
  "69": {
    "ner": 1104.449028407281
  }
}