{
  "0": {
    "ner": 24394.95154117626
  },
  "1": {
    "ner": 9420.468648878781
  },
  "2": {
    "ner": 7341.188163456451
  },
  "3": {
    "ner": 6284.463363330623
  },
  "4": {
    "ner": 5505.959090573679
  },
  "5": {
    "ner": 4893.660048099606
  },
  "6": {
    "ner": 4415.7174034862055
  },
  "7": {
    "ner": 4005.669934595092
  },
  "8": {
    "ner": 3745.678271863166
  },
  "9": {
    "ner": 3479.9669214901696
  },
  "10": {
    "ner": 3240.4811379928965
  },
  "11": {
    "ner": 3061.782432992709
  },
  "12": {
    "ner": 2909.592924408741
  },
  "13": {
    "ner": 2716.537929880885
  },
  "14": {
    "ner": 2541.7301930593676
  },
  "15": {
    "ner": 2393.1929657822957
  },
  "16": {
    "ner": 2375.9089934259
  },
  "17": {
    "ner": 2237.9627535123414
  },
  "18": {
    "ner": 2141.6778055194454
  },
  "19": {
    "ner": 2045.583612869673
  },
  "20": {
    "ner": 2069.4178279255175
  },
  "21": {
    "ner": 1963.0387166310677
  },
  "22": {
    "ner": 1853.7810050216726
  },
  "23": {
    "ner": 1827.530664347539
  },
  "24": {
    "ner": 1720.3270735456106
  },
  "25": {
    "ner": 1683.896866360944
  },
  "26": {
    "ner": 1675.3858814999596
  },
  "27": {
    "ner": 1592.7325343779692
  },
  "28": {
    "ner": 1464.392680980722
  },
  "29": {
    "ner": 1522.5357492336725
  },
  "30": {
    "ner": 1541.6407332816211
  },
  "31": {
    "ner": 1468.5762944158782
  },
  "32": {
    "ner": 1456.663357662769
  },
  "33": {
    "ner": 1429.5038281989844
  },
  "34": {
    "ner": 1300.4854984585236
  },
  "35": {
    "ner": 1283.1347771813803
  },
  "36": {
    "ner": 1321.221981770068
  },
  "37": {
    "ner": 1270.9702250721978
  },
  "38": {
    "ner": 1256.6162789993277
  },
  "39": {
    "ner": 1287.0626694385235
  },
  "40": {
    "ner": 1272.728001434075
  },
  "41": {
    "ner": 1198.5427397001263
  },
  "42": {
    "ner": 1164.0550496822439
  },
  "43": {
    "ner": 1180.4484146881102
  },
  "44": {
    "ner": 1135.7041721082119
  },
  "45": {
    "ner": 1140.8010607839392
  },
  "46": {
    "ner": 1121.0755717400687
  },
  "47": {
    "ner": 1092.60051487676
  },
  "48": {
    "ner": 1047.2612896807548
  },
  "49": {
    "ner": 1017.4705403152493
  },
  "50": {
    "ner": 1018.5432413276692
  },
  "51": {
    "ner": 951.5927900542299
  },
  "52": {
    "ner": 1111.3176637882173
  },
  "53": {
    "ner": 987.9216775404752
  },
  "54": {
    "ner": 980.8247537313625
  },
  "55": {
    "ner": 1025.8671325929597
  },
  "56": {
    "ner": 962.4425544613968
  }
}