{
  "0": {
    "ner": 13851.65051902626
  },
  "1": {
    "ner": 5869.546466146754
  },
  "2": {
    "ner": 4616.916340192999
  },
  "3": {
    "ner": 3825.647180920871
  },
  "4": {
    "ner": 3368.0120046538514
  },
  "5": {
    "ner": 2902.257079941278
  },
  "6": {
    "ner": 2618.0920249234955
  },
  "7": {
    "ner": 2435.306794877824
  },
  "8": {
    "ner": 2231.6512240024113
  },
  "9": {
    "ner": 2037.9425437216737
  },
  "10": {
    "ner": 1859.3464642281117
  },
  "11": {
    "ner": 1715.97119236747
  },
  "12": {
    "ner": 1558.7984161110628
  },
  "13": {
    "ner": 1490.1017176769915
  },
  "14": {
    "ner": 1473.3253906775647
  },
  "15": {
    "ner": 1454.3707658994733
  },
  "16": {
    "ner": 1251.6711197531295
  },
  "17": {
    "ner": 1202.387640100254
  },
  "18": {
    "ner": 1278.4431221828008
  },
  "19": {
    "ner": 1150.0448937391416
  },
  "20": {
    "ner": 1098.9450213566533
  },
  "21": {
    "ner": 1135.2184156967637
  },
  "22": {
    "ner": 998.5615317903399
  },
  "23": {
    "ner": 1047.6027159170046
  },
  "24": {
    "ner": 1083.2333624370438
  },
  "25": {
    "ner": 1000.5429961805173
  },
  "26": {
    "ner": 898.8256459054477
  },
  "27": {
    "ner": 912.788179382501
  },
  "28": {
    "ner": 934.6747726429119
  },
  "29": {
    "ner": 890.0256365514169
  },
  "30": {
    "ner": 900.0116322644011
  },
  "31": {
    "ner": 854.7280248066625
  },
  "32": {
    "ner": 862.8814856602279
  },
  "33": {
    "ner": 760.8497840638931
  },
  "34": {
    "ner": 742.147867275114
  },
  "35": {
    "ner": 844.6800927313647
  },
  "36": {
    "ner": 787.7859466810589
  },
  "37": {
    "ner": 737.1989154305334
  },
  "38": {
    "ner": 723.6467430884472
  },
  "39": {
    "ner": 638.4790493098589
  },
  "40": {
    "ner": 757.2465087534472
  },
  "41": {
    "ner": 665.9873532127192
  },
  "42": {
    "ner": 701.2221379974209
  },
  "43": {
    "ner": 684.9603830017935
  },
  "44": {
    "ner": 615.2225390247047
  },
  "45": {
    "ner": 652.1967620893357
  },
  "46": {
    "ner": 601.39598286262
  },
  "47": {
    "ner": 635.7539265103123
  },
  "48": {
    "ner": 621.995220596849
  },
  "49": {
    "ner": 538.14776431797
  },
  "50": {
    "ner": 568.9621193390166
  },
  "51": {
    "ner": 588.8040489492168
  },
  "52": {
    "ner": 488.627677646974
  },
  "53": {
    "ner": 550.7685885438542
  },
  "54": {
    "ner": 524.951599181849
  },
  "55": {
    "ner": 549.2410015407805
  },
  "56": {
    "ner": 538.4266951321903
  },
  "57": {
    "ner": 567.8299065901181
  }
}