{
  "0": {
    "ner": 12961.664723312924
  },
  "1": {
    "ner": 5296.120876499616
  },
  "2": {
    "ner": 4103.5119030561555
  },
  "3": {
    "ner": 3400.6606346152917
  },
  "4": {
    "ner": 2951.5118952563944
  },
  "5": {
    "ner": 2512.1058022888565
  },
  "6": {
    "ner": 2279.4792609061137
  },
  "7": {
    "ner": 2018.327323196247
  },
  "8": {
    "ner": 1802.4834428084127
  },
  "9": {
    "ner": 1678.0147005714448
  },
  "10": {
    "ner": 1598.467625977409
  },
  "11": {
    "ner": 1420.78237798541
  },
  "12": {
    "ner": 1341.5078537591469
  },
  "13": {
    "ner": 1238.3656470115473
  },
  "14": {
    "ner": 1153.9696391638333
  },
  "15": {
    "ner": 1175.693722803824
  },
  "16": {
    "ner": 1155.8839735223576
  },
  "17": {
    "ner": 1006.2028038476278
  },
  "18": {
    "ner": 944.7994771273651
  },
  "19": {
    "ner": 930.2156375046695
  },
  "20": {
    "ner": 872.9726176126077
  },
  "21": {
    "ner": 922.0689680809795
  },
  "22": {
    "ner": 856.3273490835973
  },
  "23": {
    "ner": 843.2075349822749
  },
  "24": {
    "ner": 790.7755336323054
  },
  "25": {
    "ner": 705.3387270553548
  },
  "26": {
    "ner": 741.69640809006
  },
  "27": {
    "ner": 684.4800248954123
  },
  "28": {
    "ner": 720.8998519241788
  },
  "29": {
    "ner": 699.3853161129118
  },
  "30": {
    "ner": 708.7923435076331
  },
  "31": {
    "ner": 661.2957936774696
  },
  "32": {
    "ner": 694.379487600704
  },
  "33": {
    "ner": 621.3904233514304
  },
  "34": {
    "ner": 637.4835887665137
  },
  "35": {
    "ner": 602.7929125791292
  },
  "36": {
    "ner": 516.340638119918
  },
  "37": {
    "ner": 616.8758917902582
  },
  "38": {
    "ner": 577.5962751671984
  },
  "39": {
    "ner": 563.2910108864556
  },
  "40": {
    "ner": 536.7313537404015
  },
  "41": {
    "ner": 479.78828437385215
  },
  "42": {
    "ner": 539.1208467342846
  },
  "43": {
    "ner": 495.56962380481013
  },
  "44": {
    "ner": 491.07613863068156
  },
  "45": {
    "ner": 499.35638083040027
  },
  "46": {
    "ner": 459.89422775212233
  },
  "47": {
    "ner": 441.2013657453813
  },
  "48": {
    "ner": 543.2001927525748
  },
  "49": {
    "ner": 430.97278499446224
  },
  "50": {
    "ner": 450.3647637410989
  },
  "51": {
    "ner": 456.6263129087204
  },
  "52": {
    "ner": 444.9972766267881
  },
  "53": {
    "ner": 403.4192541939752
  },
  "54": {
    "ner": 422.9536075648147
  },
  "55": {
    "ner": 405.08048095724354
  },
  "56": {
    "ner": 408.20127032646644
  },
  "57": {
    "ner": 430.82351378172376
  },
  "58": {
    "ner": 419.3722392743388
  }
}