{
  "0": {
    "ner": 5671.771030396464
  },
  "1": {
    "ner": 4462.759336476042
  },
  "2": {
    "ner": 3976.1309607408825
  },
  "3": {
    "ner": 3612.8637535980492
  },
  "4": {
    "ner": 3336.844153664663
  },
  "5": {
    "ner": 3161.476538683769
  },
  "6": {
    "ner": 3005.9674772433495
  },
  "7": {
    "ner": 2903.064881523128
  },
  "8": {
    "ner": 2721.356768844433
  },
  "9": {
    "ner": 2674.6635113115944
  },
  "10": {
    "ner": 2619.1406921470575
  },
  "11": {
    "ner": 2597.8902329046373
  },
  "12": {
    "ner": 2464.123196650576
  },
  "13": {
    "ner": 2340.3240725399187
  },
  "14": {
    "ner": 2294.8209864919986
  },
  "15": {
    "ner": 2240.960834062726
  },
  "16": {
    "ner": 2185.6577703048047
  },
  "17": {
    "ner": 2135.635324857085
  },
  "18": {
    "ner": 2143.908104397777
  },
  "19": {
    "ner": 2084.1118784949454
  },
  "20": {
    "ner": 2062.1016641035853
  },
  "21": {
    "ner": 2008.1646072408864
  },
  "22": {
    "ner": 1977.7998315639657
  },
  "23": {
    "ner": 1973.6957671088815
  },
  "24": {
    "ner": 1934.7556892442349
  },
  "25": {
    "ner": 1879.7696744780421
  },
  "26": {
    "ner": 1860.1406858402572
  },
  "27": {
    "ner": 1765.5424747783122
  },
  "28": {
    "ner": 1796.3982485965628
  },
  "29": {
    "ner": 1726.5366558672904
  },
  "30": {
    "ner": 1771.9340140250458
  },
  "31": {
    "ner": 1693.1528156271493
  },
  "32": {
    "ner": 1751.2636794805785
  },
  "33": {
    "ner": 1615.7441583981456
  },
  "34": {
    "ner": 1648.7586505188262
  },
  "35": {
    "ner": 1595.305884709674
  },
  "36": {
    "ner": 1577.1293314545967
  },
  "37": {
    "ner": 1530.376397066542
  },
  "38": {
    "ner": 1535.5394120280891
  },
  "39": {
    "ner": 1688.633797778915
  },
  "40": {
    "ner": 1569.0112102494538
  },
  "41": {
    "ner": 1486.7104925461663
  },
  "42": {
    "ner": 1480.65814233687
  },
  "43": {
    "ner": 1477.2407288766967
  },
  "44": {
    "ner": 1373.117653462936
  },
  "45": {
    "ner": 1464.5552811579616
  },
  "46": {
    "ner": 1487.0411418259173
  },
  "47": {
    "ner": 1489.5550754686396
  },
  "48": {
    "ner": 1406.162550060424
  },
  "49": {
    "ner": 1446.9785293648886
  }
}