{
  "0": {
    "ner": 85039.10654468647
  },
  "1": {
    "ner": 57034.3277102003
  },
  "2": {
    "ner": 51684.29403508197
  },
  "3": {
    "ner": 49198.89153894988
  },
  "4": {
    "ner": 47021.57164599303
  },
  "5": {
    "ner": 45476.98221414236
  },
  "6": {
    "ner": 44664.85472846976
  },
  "7": {
    "ner": 43334.01315678993
  },
  "8": {
    "ner": 42182.39856696414
  },
  "9": {
    "ner": 41571.25479711177
  },
  "10": {
    "ner": 40908.00178683149
  },
  "11": {
    "ner": 40336.01413216871
  },
  "12": {
    "ner": 39787.29115670545
  },
  "13": {
    "ner": 39313.62661054569
  },
  "14": {
    "ner": 38987.06414269205
  }
}