{
  "0": {
    "ner": 92578.33896211394
  },
  "1": {
    "ner": 57472.5958964804
  },
  "2": {
    "ner": 52564.22347541311
  },
  "3": {
    "ner": 49728.11169386672
  },
  "4": {
    "ner": 47298.930390119276
  },
  "5": {
    "ner": 45957.28351755066
  },
  "6": {
    "ner": 45007.44713769304
  },
  "7": {
    "ner": 43698.92083498147
  },
  "8": {
    "ner": 42860.74897875814
  },
  "9": {
    "ner": 42055.23787697351
  },
  "10": {
    "ner": 41272.83035000922
  },
  "11": {
    "ner": 41106.350267165304
  },
  "12": {
    "ner": 40341.67602331241
  },
  "13": {
    "ner": 39875.31720485048
  },
  "14": {
    "ner": 39517.805222683506
  }
}