{
  "0": {
    "ner": 91891.69715225202
  },
  "1": {
    "ner": 64565.86567167681
  },
  "2": {
    "ner": 58962.51692084939
  },
  "3": {
    "ner": 55926.87973320593
  },
  "4": {
    "ner": 53710.64704792624
  },
  "5": {
    "ner": 52694.04272168573
  },
  "6": {
    "ner": 51062.40591318869
  },
  "7": {
    "ner": 50400.12443861056
  },
  "8": {
    "ner": 49360.74592716604
  },
  "9": {
    "ner": 48642.7329626359
  },
  "10": {
    "ner": 48149.856963961516
  },
  "11": {
    "ner": 47667.29016319316
  },
  "12": {
    "ner": 47214.54144689685
  },
  "13": {
    "ner": 46478.64942573452
  },
  "14": {
    "ner": 46201.21450258556
  },
  "15": {
    "ner": 45745.021290437624
  },
  "16": {
    "ner": 45538.5227272035
  }
}