{
  "0": {
    "ner": 96322.03613424087
  },
  "1": {
    "ner": 62464.6686450279
  },
  "2": {
    "ner": 56624.25155865995
  },
  "3": {
    "ner": 54148.536748490675
  },
  "4": {
    "ner": 51741.02479397503
  },
  "5": {
    "ner": 49848.45199282571
  },
  "6": {
    "ner": 48768.68930727634
  },
  "7": {
    "ner": 47561.501158857645
  },
  "8": {
    "ner": 46646.054811287206
  },
  "9": {
    "ner": 45746.72331327285
  },
  "10": {
    "ner": 45113.0364377782
  },
  "11": {
    "ner": 44349.188120400075
  },
  "12": {
    "ner": 44022.2024679935
  },
  "13": {
    "ner": 43483.37555493638
  },
  "14": {
    "ner": 43053.54589770083
  },
  "15": {
    "ner": 42604.39763668045
  },
  "16": {
    "ner": 42354.080116922894
  },
  "17": {
    "ner": 41855.98672774063
  },
  "18": {
    "ner": 41625.27550531501
  },
  "19": {
    "ner": 41268.48559095235
  },
  "20": {
    "ner": 40834.44150068885
  },
  "21": {
    "ner": 40921.252967453634
  },
  "22": {
    "ner": 40206.02845828715
  },
  "23": {
    "ner": 39831.41481583184
  },
  "24": {
    "ner": 40015.955213470654
  },
  "25": {
    "ner": 39408.12507210223
  },
  "26": {
    "ner": 39484.60373785999
  }
}