{
  "0": {
    "ner": 32594.164313317735
  },
  "1": {
    "ner": 20399.96439350402
  },
  "2": {
    "ner": 16058.678328589409
  },
  "3": {
    "ner": 14119.626520210864
  },
  "4": {
    "ner": 13400.467329233605
  },
  "5": {
    "ner": 12631.384810704743
  },
  "6": {
    "ner": 12240.227350688649
  },
  "7": {
    "ner": 11768.314378044452
  },
  "8": {
    "ner": 11607.811493621062
  },
  "9": {
    "ner": 11218.239474557216
  },
  "10": {
    "ner": 11037.596818363272
  },
  "11": {
    "ner": 11063.021051025255
  },
  "12": {
    "ner": 10457.756479986085
  },
  "13": {
    "ner": 10532.406894666514
  },
  "14": {
    "ner": 10227.484260950203
  },
  "15": {
    "ner": 10215.15850648792
  },
  "16": {
    "ner": 10010.11222164606
  },
  "17": {
    "ner": 9941.071052523734
  },
  "18": {
    "ner": 9811.91049791307
  },
  "19": {
    "ner": 9455.067349402849
  },
  "20": {
    "ner": 9323.480768392976
  },
  "21": {
    "ner": 9243.659595690471
  },
  "22": {
    "ner": 9250.385300274715
  },
  "23": {
    "ner": 9129.943736823096
  },
  "24": {
    "ner": 8997.397397997704
  },
  "25": {
    "ner": 8781.381484326543
  },
  "26": {
    "ner": 8799.50681115516
  },
  "27": {
    "ner": 8768.027454169775
  },
  "28": {
    "ner": 8680.024729407478
  },
  "29": {
    "ner": 8485.69218599471
  },
  "30": {
    "ner": 8459.001738092167
  },
  "31": {
    "ner": 8447.894452833027
  },
  "32": {
    "ner": 8412.43210193547
  },
  "33": {
    "ner": 8247.87361789489
  },
  "34": {
    "ner": 8076.676813265454
  },
  "35": {
    "ner": 7983.367212751617
  },
  "36": {
    "ner": 8047.692774950663
  },
  "37": {
    "ner": 7876.0155811355025
  },
  "38": {
    "ner": 7974.245524379026
  },
  "39": {
    "ner": 7899.06225185776
  },
  "40": {
    "ner": 7936.552281323195
  },
  "41": {
    "ner": 7804.695917784534
  },
  "42": {
    "ner": 7751.268585785002
  },
  "43": {
    "ner": 7630.777629555615
  },
  "44": {
    "ner": 7557.969069023306
  },
  "45": {
    "ner": 7516.585152319071
  },
  "46": {
    "ner": 7349.033556689978
  },
  "47": {
    "ner": 7409.912806656053
  },
  "48": {
    "ner": 7301.788914962628
  },
  "49": {
    "ner": 7273.647090282899
  },
  "50": {
    "ner": 7427.05447019191
  },
  "51": {
    "ner": 7296.00502661919
  },
  "52": {
    "ner": 7329.644561921469
  },
  "53": {
    "ner": 7233.506164490878
  },
  "54": {
    "ner": 7005.504783939925
  },
  "55": {
    "ner": 7141.23487458332
  },
  "56": {
    "ner": 6905.3384089048695
  },
  "57": {
    "ner": 6925.590931135269
  },
  "58": {
    "ner": 6960.05837120723
  },
  "59": {
    "ner": 6915.8124689869
  },
  "60": {
    "ner": 6700.680239110464
  },
  "61": {
    "ner": 6811.550214059638
  },
  "62": {
    "ner": 6706.345974776895
  },
  "63": {
    "ner": 6884.8719234185955
  },
  "64": {
    "ner": 6753.397600133148
  },
  "65": {
    "ner": 6768.124060673756
  }
}