{
  "0": {
    "ner": 98781.00828814067
  },
  "1": {
    "ner": 64721.3683829095
  },
  "2": {
    "ner": 58570.81055311947
  },
  "3": {
    "ner": 55651.60315816325
  },
  "4": {
    "ner": 53291.85647071655
  },
  "5": {
    "ner": 51820.780934907416
  },
  "6": {
    "ner": 50510.01047301972
  },
  "7": {
    "ner": 49330.725408195874
  },
  "8": {
    "ner": 48395.31152500282
  },
  "9": {
    "ner": 47666.783323401236
  },
  "10": {
    "ner": 47047.793760838016
  },
  "11": {
    "ner": 46174.57821148889
  },
  "12": {
    "ner": 45781.496873621305
  },
  "13": {
    "ner": 45298.398357206046
  },
  "14": {
    "ner": 44953.73837829764
  }
}