{
  "0": {
    "ner": 102856.37935679693
  },
  "1": {
    "ner": 67108.82648364027
  },
  "2": {
    "ner": 60735.56474576237
  },
  "3": {
    "ner": 58044.80055205643
  },
  "4": {
    "ner": 55203.29582093751
  },
  "5": {
    "ner": 53793.69545516767
  },
  "6": {
    "ner": 52189.953548369376
  },
  "7": {
    "ner": 50876.76045503343
  },
  "8": {
    "ner": 50027.13795221856
  },
  "9": {
    "ner": 49397.129508231366
  },
  "10": {
    "ner": 49064.955789319254
  },
  "11": {
    "ner": 48401.36085949867
  },
  "12": {
    "ner": 47739.3051165332
  },
  "13": {
    "ner": 47150.32874804131
  },
  "14": {
    "ner": 46517.16352037476
  },
  "15": {
    "ner": 46295.87133290176
  },
  "16": {
    "ner": 45779.151187193405
  },
  "17": {
    "ner": 45523.61893478191
  }
}