{
  "0": {
    "ner": 83057.0812473523
  },
  "1": {
    "ner": 58295.38652738475
  },
  "2": {
    "ner": 53577.195494691565
  },
  "3": {
    "ner": 50343.03585665397
  },
  "4": {
    "ner": 48874.924361210804
  }
}