{
  "0": {
    "ner": 93623.33551752951
  },
  "1": {
    "ner": 61265.64968701472
  },
  "2": {
    "ner": 55959.84956957107
  },
  "3": {
    "ner": 52723.504954910255
  },
  "4": {
    "ner": 50873.71798027365
  },
  "5": {
    "ner": 49246.613528462585
  },
  "6": {
    "ner": 47810.32842799815
  },
  "7": {
    "ner": 46840.78361957111
  },
  "8": {
    "ner": 45914.63801953503
  },
  "9": {
    "ner": 45262.26815823784
  },
  "10": {
    "ner": 44605.70784153596
  },
  "11": {
    "ner": 43929.149513043056
  },
  "12": {
    "ner": 43432.63910838748
  },
  "13": {
    "ner": 42814.29820995251
  },
  "14": {
    "ner": 42704.35475276046
  }
}