{
  "0": {
    "ner": 93252.18252610609
  },
  "1": {
    "ner": 61262.56592374887
  },
  "2": {
    "ner": 56080.27327674611
  },
  "3": {
    "ner": 52816.586673750026
  },
  "4": {
    "ner": 51052.791047883424
  },
  "5": {
    "ner": 49301.51784269916
  },
  "6": {
    "ner": 48081.38649560122
  },
  "7": {
    "ner": 47267.01781514413
  },
  "8": {
    "ner": 46189.50539501742
  }
}