{
  "0": {
    "ner": 6393.309456443443
  },
  "1": {
    "ner": 4981.042215752839
  },
  "2": {
    "ner": 4309.997318174729
  },
  "3": {
    "ner": 3818.6765399145775
  },
  "4": {
    "ner": 3663.7082275275125
  },
  "5": {
    "ner": 3388.2301443355136
  },
  "6": {
    "ner": 3152.1135596409445
  },
  "7": {
    "ner": 3005.421522478446
  },
  "8": {
    "ner": 2931.1279765450477
  },
  "9": {
    "ner": 2709.2797514472823
  },
  "10": {
    "ner": 2554.3242285038486
  },
  "11": {
    "ner": 2542.8257659424826
  },
  "12": {
    "ner": 2467.094188624455
  },
  "13": {
    "ner": 2438.733600012639
  },
  "14": {
    "ner": 2261.5839650214048
  },
  "15": {
    "ner": 2126.9485428909916
  },
  "16": {
    "ner": 2066.027831326069
  },
  "17": {
    "ner": 2136.185833350566
  },
  "18": {
    "ner": 1943.0427240622366
  },
  "19": {
    "ner": 1950.7352513556439
  },
  "20": {
    "ner": 1903.3023201571452
  },
  "21": {
    "ner": 1952.892224981203
  },
  "22": {
    "ner": 1921.3815068925517
  },
  "23": {
    "ner": 1802.4750080504311
  },
  "24": {
    "ner": 1857.7637681235785
  },
  "25": {
    "ner": 1724.7821330947959
  },
  "26": {
    "ner": 1701.1096938796654
  },
  "27": {
    "ner": 1642.8443347824316
  },
  "28": {
    "ner": 1669.8452657263178
  },
  "29": {
    "ner": 1690.5060106280512
  },
  "30": {
    "ner": 1726.5266340147778
  },
  "31": {
    "ner": 1623.1785319959274
  },
  "32": {
    "ner": 1592.2439385460916
  },
  "33": {
    "ner": 1572.434679408519
  },
  "34": {
    "ner": 1560.3281031941212
  },
  "35": {
    "ner": 1556.745097049022
  },
  "36": {
    "ner": 1421.9879495963473
  },
  "37": {
    "ner": 1467.321239615099
  },
  "38": {
    "ner": 1446.5454040862571
  },
  "39": {
    "ner": 1457.3712631607573
  },
  "40": {
    "ner": 1428.2694156826074
  },
  "41": {
    "ner": 1374.3243127890903
  },
  "42": {
    "ner": 1368.84432991059
  },
  "43": {
    "ner": 1418.277678400351
  },
  "44": {
    "ner": 1355.4736447195178
  }
}