{
  "0": {
    "ner": 14280.25565978437
  },
  "1": {
    "ner": 6030.456324106973
  },
  "2": {
    "ner": 4593.944310060852
  },
  "3": {
    "ner": 3789.833982134469
  },
  "4": {
    "ner": 3163.8333023297555
  },
  "5": {
    "ner": 2778.345732643221
  },
  "6": {
    "ner": 2491.7656634681834
  },
  "7": {
    "ner": 2217.3489715962364
  },
  "8": {
    "ner": 2015.694457873821
  },
  "9": {
    "ner": 1901.4647455665188
  },
  "10": {
    "ner": 1711.5455768710572
  },
  "11": {
    "ner": 1590.2332866975582
  },
  "12": {
    "ner": 1493.397427547743
  },
  "13": {
    "ner": 1423.7009024655044
  },
  "14": {
    "ner": 1364.2749230389109
  },
  "15": {
    "ner": 1314.2272663150234
  },
  "16": {
    "ner": 1184.4876826507955
  },
  "17": {
    "ner": 1138.7053506861935
  },
  "18": {
    "ner": 1118.4670607040546
  },
  "19": {
    "ner": 1099.6453751897961
  },
  "20": {
    "ner": 1035.4183117335126
  },
  "21": {
    "ner": 1013.121506000731
  },
  "22": {
    "ner": 930.3268843947131
  },
  "23": {
    "ner": 860.8168689344922
  },
  "24": {
    "ner": 891.6423227665988
  },
  "25": {
    "ner": 883.9934870604737
  },
  "26": {
    "ner": 865.1182477067598
  },
  "27": {
    "ner": 808.4448965496181
  },
  "28": {
    "ner": 829.3731125427834
  },
  "29": {
    "ner": 775.8845941198005
  },
  "30": {
    "ner": 765.5260425846012
  },
  "31": {
    "ner": 733.4399848763117
  },
  "32": {
    "ner": 721.2325920607452
  },
  "33": {
    "ner": 716.5409111496667
  },
  "34": {
    "ner": 716.50201881157
  },
  "35": {
    "ner": 684.4951853823358
  },
  "36": {
    "ner": 640.0324825436743
  },
  "37": {
    "ner": 631.0618809320734
  },
  "38": {
    "ner": 586.4564823683768
  },
  "39": {
    "ner": 608.0218651358942
  },
  "40": {
    "ner": 599.7424895169706
  },
  "41": {
    "ner": 601.0089720990109
  },
  "42": {
    "ner": 545.304288483087
  },
  "43": {
    "ner": 584.9598212662156
  },
  "44": {
    "ner": 531.7988773278555
  },
  "45": {
    "ner": 520.7033426743818
  },
  "46": {
    "ner": 453.82665855396004
  },
  "47": {
    "ner": 564.5313978493703
  },
  "48": {
    "ner": 557.3945245041872
  },
  "49": {
    "ner": 469.74251291032795
  },
  "50": {
    "ner": 523.8799754688738
  },
  "51": {
    "ner": 498.5340910189101
  },
  "52": {
    "ner": 478.2777346351266
  },
  "53": {
    "ner": 483.9961912224392
  }
}