{
  "0": {
    "ner": 4802.388039036398
  },
  "1": {
    "ner": 3438.4395032675866
  },
  "2": {
    "ner": 2827.94393245209
  },
  "3": {
    "ner": 2412.4572408230288
  },
  "4": {
    "ner": 2188.735894150063
  },
  "5": {
    "ner": 1908.96445147932
  },
  "6": {
    "ner": 1894.3397682169134
  },
  "7": {
    "ner": 1702.2257415071354
  },
  "8": {
    "ner": 1615.2015468392465
  },
  "9": {
    "ner": 1567.4141720728862
  },
  "10": {
    "ner": 1428.0969692173633
  },
  "11": {
    "ner": 1412.258335482977
  },
  "12": {
    "ner": 1290.9376119847664
  },
  "13": {
    "ner": 1287.4875631474988
  },
  "14": {
    "ner": 1296.9892050374908
  },
  "15": {
    "ner": 1203.507959512251
  },
  "16": {
    "ner": 1140.983979298868
  },
  "17": {
    "ner": 1194.259869129556
  },
  "18": {
    "ner": 1103.1253703101077
  },
  "19": {
    "ner": 1065.4706941012037
  },
  "20": {
    "ner": 986.9654182265089
  },
  "21": {
    "ner": 980.7948596421411
  },
  "22": {
    "ner": 959.8385475552886
  },
  "23": {
    "ner": 1011.502807016833
  },
  "24": {
    "ner": 952.4556438620727
  },
  "25": {
    "ner": 916.1662904750109
  },
  "26": {
    "ner": 887.7737379491912
  },
  "27": {
    "ner": 890.191895858633
  },
  "28": {
    "ner": 919.5846847199219
  },
  "29": {
    "ner": 817.6113931712281
  },
  "30": {
    "ner": 800.1440236747252
  },
  "31": {
    "ner": 767.2179148542099
  },
  "32": {
    "ner": 807.7469139540956
  },
  "33": {
    "ner": 743.6463610931854
  },
  "34": {
    "ner": 726.275117122479
  },
  "35": {
    "ner": 789.9216052093495
  },
  "36": {
    "ner": 770.8247413277267
  },
  "37": {
    "ner": 753.9640471296772
  },
  "38": {
    "ner": 734.032792442225
  },
  "39": {
    "ner": 775.5143593831364
  }
}