{
  "0": {
    "ner": 17541.902190622688
  },
  "1": {
    "ner": 8629.031942129322
  },
  "2": {
    "ner": 6674.993688767686
  },
  "3": {
    "ner": 5738.173626992805
  },
  "4": {
    "ner": 5001.952845236648
  },
  "5": {
    "ner": 4598.629906630083
  },
  "6": {
    "ner": 4186.568611183236
  },
  "7": {
    "ner": 3906.6298375144215
  },
  "8": {
    "ner": 3588.119904959319
  },
  "9": {
    "ner": 3346.5833624152524
  },
  "10": {
    "ner": 3164.8773690784933
  },
  "11": {
    "ner": 2961.9993843021502
  },
  "12": {
    "ner": 2813.3116034773516
  },
  "13": {
    "ner": 2688.025349508568
  },
  "14": {
    "ner": 2528.433763439777
  },
  "15": {
    "ner": 2466.2154478478315
  },
  "16": {
    "ner": 2273.802427785717
  },
  "17": {
    "ner": 2245.2067612803658
  },
  "18": {
    "ner": 2207.381600655784
  },
  "19": {
    "ner": 2142.9912815563816
  },
  "20": {
    "ner": 1968.4740587514434
  },
  "21": {
    "ner": 2031.1136916852643
  },
  "22": {
    "ner": 1775.835768468683
  },
  "23": {
    "ner": 1880.5602648154977
  },
  "24": {
    "ner": 1815.1589283674725
  },
  "25": {
    "ner": 1802.47111104791
  },
  "26": {
    "ner": 1658.2023316935333
  },
  "27": {
    "ner": 1612.042348992693
  },
  "28": {
    "ner": 1655.5870075585508
  },
  "29": {
    "ner": 1610.4458628924926
  },
  "30": {
    "ner": 1584.637427955023
  },
  "31": {
    "ner": 1495.1736132466945
  },
  "32": {
    "ner": 1428.077491591321
  },
  "33": {
    "ner": 1438.399017977701
  },
  "34": {
    "ner": 1410.5368135394342
  },
  "35": {
    "ner": 1412.8023027775037
  },
  "36": {
    "ner": 1369.1649801851486
  },
  "37": {
    "ner": 1346.1263256020436
  },
  "38": {
    "ner": 1269.1938634258165
  },
  "39": {
    "ner": 1307.0757994679154
  },
  "40": {
    "ner": 1283.3869215726736
  },
  "41": {
    "ner": 1239.5551669071237
  },
  "42": {
    "ner": 1177.6891960956664
  },
  "43": {
    "ner": 1180.5477372914527
  },
  "44": {
    "ner": 1176.8920646309473
  },
  "45": {
    "ner": 1193.274830047462
  },
  "46": {
    "ner": 1199.4322152183254
  },
  "47": {
    "ner": 1108.0534589415217
  },
  "48": {
    "ner": 1123.4729502063076
  },
  "49": {
    "ner": 1139.0560551955211
  },
  "50": {
    "ner": 1086.0596432876719
  },
  "51": {
    "ner": 1031.999847086654
  },
  "52": {
    "ner": 1059.5614505574138
  },
  "53": {
    "ner": 1015.8946626944246
  },
  "54": {
    "ner": 1014.2126873603517
  },
  "55": {
    "ner": 1077.303784695476
  },
  "56": {
    "ner": 1075.3003451897027
  },
  "57": {
    "ner": 1056.2532193404998
  },
  "58": {
    "ner": 1012.7956003893961
  },
  "59": {
    "ner": 1022.6668886864991
  },
  "60": {
    "ner": 923.062938026685
  },
  "61": {
    "ner": 963.8690272762555
  },
  "62": {
    "ner": 963.9854538011106
  },
  "63": {
    "ner": 991.2793228167991
  },
  "64": {
    "ner": 983.2114135948246
  },
  "65": {
    "ner": 978.7331845259151
  }
}