{
  "0": {
    "ner": 13656.762248131115
  },
  "1": {
    "ner": 5736.227274528199
  },
  "2": {
    "ner": 4384.8619408659915
  },
  "3": {
    "ner": 3547.0448357899313
  },
  "4": {
    "ner": 2969.422584356641
  },
  "5": {
    "ner": 2523.4061893997446
  },
  "6": {
    "ner": 2225.219751746465
  },
  "7": {
    "ner": 1968.581455235772
  },
  "8": {
    "ner": 1774.3432961540775
  },
  "9": {
    "ner": 1656.0295340052226
  },
  "10": {
    "ner": 1498.6001491392742
  },
  "11": {
    "ner": 1457.8779870229296
  },
  "12": {
    "ner": 1307.8738859695236
  },
  "13": {
    "ner": 1252.547993118761
  },
  "14": {
    "ner": 1155.0613076108314
  },
  "15": {
    "ner": 1064.5913708139742
  },
  "16": {
    "ner": 1099.9020401644927
  },
  "17": {
    "ner": 1008.3801240508623
  },
  "18": {
    "ner": 1008.9405605955701
  },
  "19": {
    "ner": 892.4855401108906
  },
  "20": {
    "ner": 876.7123262418619
  },
  "21": {
    "ner": 850.8840922338893
  },
  "22": {
    "ner": 867.5797136466745
  },
  "23": {
    "ner": 870.0273852274981
  },
  "24": {
    "ner": 815.5297476225984
  },
  "25": {
    "ner": 770.3510048694175
  },
  "26": {
    "ner": 776.1966025267558
  },
  "27": {
    "ner": 769.7615908932597
  },
  "28": {
    "ner": 721.4987403623554
  },
  "29": {
    "ner": 672.4774149527165
  },
  "30": {
    "ner": 719.1599783037548
  },
  "31": {
    "ner": 631.4498045544432
  },
  "32": {
    "ner": 614.6975651200961
  },
  "33": {
    "ner": 599.8757945394121
  },
  "34": {
    "ner": 632.1803498279198
  },
  "35": {
    "ner": 561.5222467604559
  },
  "36": {
    "ner": 587.0572077575778
  },
  "37": {
    "ner": 593.2340671831964
  },
  "38": {
    "ner": 526.0407430759598
  },
  "39": {
    "ner": 551.5557522530029
  },
  "40": {
    "ner": 511.70767748074854
  },
  "41": {
    "ner": 487.2890633602072
  },
  "42": {
    "ner": 492.367431752822
  },
  "43": {
    "ner": 454.2374117773527
  },
  "44": {
    "ner": 489.6653380471403
  },
  "45": {
    "ner": 524.6737899969478
  },
  "46": {
    "ner": 494.9560667016474
  },
  "47": {
    "ner": 451.901120870356
  },
  "48": {
    "ner": 402.52992988571685
  },
  "49": {
    "ner": 425.03609212098905
  },
  "50": {
    "ner": 407.6283660410343
  },
  "51": {
    "ner": 463.219143046476
  },
  "52": {
    "ner": 490.55833326192567
  },
  "53": {
    "ner": 414.9740824751266
  },
  "54": {
    "ner": 399.1391799206241
  },
  "55": {
    "ner": 385.4611072770951
  },
  "56": {
    "ner": 419.1296274027462
  },
  "57": {
    "ner": 397.56363540539775
  },
  "58": {
    "ner": 391.07206436048875
  },
  "59": {
    "ner": 371.9746414603462
  },
  "60": {
    "ner": 352.0845724415775
  },
  "61": {
    "ner": 382.74828318305526
  },
  "62": {
    "ner": 396.8822180114677
  },
  "63": {
    "ner": 386.27637677328823
  },
  "64": {
    "ner": 330.51354610355855
  },
  "65": {
    "ner": 345.57795236040624
  },
  "66": {
    "ner": 338.768002739634
  },
  "67": {
    "ner": 316.1239116936346
  },
  "68": {
    "ner": 371.7018552983718
  },
  "69": {
    "ner": 374.59843166586927
  },
  "70": {
    "ner": 372.6959931505969
  },
  "71": {
    "ner": 339.7690748118064
  },
  "72": {
    "ner": 323.84077138272426
  },
  "73": {
    "ner": 316.7125397854989
  },
  "74": {
    "ner": 325.0251581950264
  }
}