{
  "0": {
    "ner": 28649.009754075778
  },
  "1": {
    "ner": 10902.059591257605
  },
  "2": {
    "ner": 8276.56752450872
  },
  "3": {
    "ner": 6887.932333762267
  },
  "4": {
    "ner": 5850.756734290064
  },
  "5": {
    "ner": 5121.991119781752
  },
  "6": {
    "ner": 4650.764424256855
  },
  "7": {
    "ner": 4167.7398528699005
  },
  "8": {
    "ner": 3869.1781294374887
  },
  "9": {
    "ner": 3446.1519985797154
  },
  "10": {
    "ner": 3359.3138810659434
  },
  "11": {
    "ner": 3119.521290146855
  },
  "12": {
    "ner": 2941.3059254983564
  },
  "13": {
    "ner": 2755.573766371295
  },
  "14": {
    "ner": 2580.28999343139
  },
  "15": {
    "ner": 2466.1145642851293
  },
  "16": {
    "ner": 2443.125612802408
  },
  "17": {
    "ner": 2214.652942660984
  },
  "18": {
    "ner": 2172.8036214144126
  },
  "19": {
    "ner": 2154.5713385547624
  },
  "20": {
    "ner": 1981.0814051603709
  },
  "21": {
    "ner": 2019.4671870908162
  },
  "22": {
    "ner": 1977.2087888095086
  },
  "23": {
    "ner": 1864.2995768619978
  },
  "24": {
    "ner": 1900.4683667664904
  },
  "25": {
    "ner": 1740.917017782742
  },
  "26": {
    "ner": 1703.8200096059074
  },
  "27": {
    "ner": 1721.8344154339327
  },
  "28": {
    "ner": 1693.5925198526838
  },
  "29": {
    "ner": 1622.8173297179312
  },
  "30": {
    "ner": 1691.6914011817128
  },
  "31": {
    "ner": 1533.8398741003132
  },
  "32": {
    "ner": 1517.5733605087353
  },
  "33": {
    "ner": 1501.008462061991
  },
  "34": {
    "ner": 1513.2585871653307
  },
  "35": {
    "ner": 1451.0161465322278
  },
  "36": {
    "ner": 1456.0114099923735
  },
  "37": {
    "ner": 1398.7776792841364
  },
  "38": {
    "ner": 1319.3669324963353
  },
  "39": {
    "ner": 1199.887500950182
  },
  "40": {
    "ner": 1348.3675485048918
  },
  "41": {
    "ner": 1322.6553173295974
  },
  "42": {
    "ner": 1303.4608375209864
  },
  "43": {
    "ner": 1292.0728437132664
  },
  "44": {
    "ner": 1203.5611450548547
  }
}