{
  "0": {
    "ner": 10404.387869377133
  },
  "1": {
    "ner": 5668.686056894043
  },
  "2": {
    "ner": 4661.575721412872
  },
  "3": {
    "ner": 4008.348530044306
  },
  "4": {
    "ner": 3570.2411152939503
  },
  "5": {
    "ner": 3249.3370927504448
  },
  "6": {
    "ner": 3006.9513413367845
  },
  "7": {
    "ner": 2722.6656693687255
  },
  "8": {
    "ner": 2513.0295988758285
  },
  "9": {
    "ner": 2459.2212934382096
  },
  "10": {
    "ner": 2192.6618143262676
  },
  "11": {
    "ner": 2065.409731270636
  },
  "12": {
    "ner": 1999.6157932059295
  },
  "13": {
    "ner": 1856.6586103283332
  },
  "14": {
    "ner": 1789.8038242098705
  },
  "15": {
    "ner": 1675.050488607824
  },
  "16": {
    "ner": 1581.6600163985684
  },
  "17": {
    "ner": 1498.5633424859204
  },
  "18": {
    "ner": 1484.6771856969967
  },
  "19": {
    "ner": 1393.4626125936243
  },
  "20": {
    "ner": 1345.4381568500098
  },
  "21": {
    "ner": 1251.4151275065983
  },
  "22": {
    "ner": 1256.3972866852505
  },
  "23": {
    "ner": 1188.9497308353502
  },
  "24": {
    "ner": 1152.688182923717
  },
  "25": {
    "ner": 1154.7060319745212
  },
  "26": {
    "ner": 1165.4303970491235
  },
  "27": {
    "ner": 1051.9466636852446
  },
  "28": {
    "ner": 1058.2052110759087
  },
  "29": {
    "ner": 983.5210775213624
  },
  "30": {
    "ner": 998.303124125492
  },
  "31": {
    "ner": 894.1594741907684
  },
  "32": {
    "ner": 922.4869223481285
  },
  "33": {
    "ner": 937.6986369801784
  },
  "34": {
    "ner": 860.9953652469126
  },
  "35": {
    "ner": 884.7277696459046
  },
  "36": {
    "ner": 818.6813717096469
  },
  "37": {
    "ner": 771.8762874953768
  },
  "38": {
    "ner": 833.109252397715
  },
  "39": {
    "ner": 756.9977334186351
  },
  "40": {
    "ner": 749.4820065633996
  },
  "41": {
    "ner": 766.3145833347123
  },
  "42": {
    "ner": 727.1975533047083
  },
  "43": {
    "ner": 747.744314106474
  },
  "44": {
    "ner": 708.3105914639968
  },
  "45": {
    "ner": 697.2865827801301
  },
  "46": {
    "ner": 695.17035435511
  },
  "47": {
    "ner": 668.540088116538
  },
  "48": {
    "ner": 645.9717331843674
  },
  "49": {
    "ner": 640.5402628354303
  },
  "50": {
    "ner": 610.7904165534717
  },
  "51": {
    "ner": 660.1373723482928
  },
  "52": {
    "ner": 607.4668649365289
  },
  "53": {
    "ner": 658.5067376530594
  },
  "54": {
    "ner": 613.2704047747538
  },
  "55": {
    "ner": 586.3134214231308
  },
  "56": {
    "ner": 529.7481302691515
  },
  "57": {
    "ner": 571.8159888179881
  },
  "58": {
    "ner": 623.4600988448858
  },
  "59": {
    "ner": 539.4808374461539
  },
  "60": {
    "ner": 576.7611006698967
  },
  "61": {
    "ner": 530.6271390845783
  }
}