{
  "0": {
    "ner": 24877.2001118782
  },
  "1": {
    "ner": 11661.91255659285
  },
  "2": {
    "ner": 9151.861607451414
  },
  "3": {
    "ner": 7845.428424430434
  },
  "4": {
    "ner": 6767.30517630709
  },
  "5": {
    "ner": 6273.644206742715
  },
  "6": {
    "ner": 5668.015265486367
  },
  "7": {
    "ner": 5311.264278968515
  },
  "8": {
    "ner": 4893.724248285317
  },
  "9": {
    "ner": 4647.1163985265275
  },
  "10": {
    "ner": 4397.2712087380405
  },
  "11": {
    "ner": 4136.769642383335
  },
  "12": {
    "ner": 3898.1261499485227
  },
  "13": {
    "ner": 3748.840237722547
  },
  "14": {
    "ner": 3623.5482815188802
  },
  "15": {
    "ner": 3468.5140289026203
  },
  "16": {
    "ner": 3301.6125173541727
  },
  "17": {
    "ner": 3241.9706648524434
  },
  "18": {
    "ner": 3105.0082358540067
  },
  "19": {
    "ner": 3014.572648338362
  },
  "20": {
    "ner": 2987.1646046322726
  },
  "21": {
    "ner": 2829.1101149528067
  },
  "22": {
    "ner": 2853.7232307587897
  },
  "23": {
    "ner": 2728.1995590415127
  },
  "24": {
    "ner": 2673.2466602730688
  },
  "25": {
    "ner": 2550.7988999234967
  },
  "26": {
    "ner": 2560.8251699813363
  },
  "27": {
    "ner": 2388.1311477588715
  },
  "28": {
    "ner": 2439.0630417692555
  },
  "29": {
    "ner": 2421.6360117360387
  },
  "30": {
    "ner": 2286.196198629444
  },
  "31": {
    "ner": 2347.9227173367317
  },
  "32": {
    "ner": 2307.5913930547226
  },
  "33": {
    "ner": 2177.3262837556745
  },
  "34": {
    "ner": 2173.8382889832083
  },
  "35": {
    "ner": 2198.679013336572
  },
  "36": {
    "ner": 2245.0280969822315
  },
  "37": {
    "ner": 2163.382307254606
  },
  "38": {
    "ner": 2133.938669318144
  },
  "39": {
    "ner": 2083.3171276131006
  },
  "40": {
    "ner": 2019.4586509022793
  },
  "41": {
    "ner": 1975.7083513094146
  },
  "42": {
    "ner": 1972.6549776434288
  },
  "43": {
    "ner": 1988.8138191111846
  },
  "44": {
    "ner": 1896.2465063974585
  },
  "45": {
    "ner": 1896.098979040704
  },
  "46": {
    "ner": 1886.7409696522896
  },
  "47": {
    "ner": 1902.7774284993343
  },
  "48": {
    "ner": 1892.9088520721323
  },
  "49": {
    "ner": 1872.7862278308544
  },
  "50": {
    "ner": 1789.5170094678992
  },
  "51": {
    "ner": 1828.3347098302656
  },
  "52": {
    "ner": 1793.807209943293
  },
  "53": {
    "ner": 1829.2977728640383
  },
  "54": {
    "ner": 1882.51685416131
  },
  "55": {
    "ner": 1808.4276037462985
  }
}