{
  "0": {
    "ner": 20678.393152809353
  },
  "1": {
    "ner": 7730.70211583288
  },
  "2": {
    "ner": 5977.85040123559
  },
  "3": {
    "ner": 4902.977254172485
  },
  "4": {
    "ner": 4218.979852395069
  },
  "5": {
    "ner": 3710.5893929572153
  },
  "6": {
    "ner": 3228.5629774943814
  },
  "7": {
    "ner": 2884.0767740932374
  },
  "8": {
    "ner": 2672.959583284607
  },
  "9": {
    "ner": 2401.634553022228
  },
  "10": {
    "ner": 2190.1180725998342
  },
  "11": {
    "ner": 2087.820701596699
  },
  "12": {
    "ner": 1980.5261885214843
  },
  "13": {
    "ner": 1790.0061256337003
  },
  "14": {
    "ner": 1799.846716482879
  },
  "15": {
    "ner": 1615.634490215372
  },
  "16": {
    "ner": 1514.7080148921636
  },
  "17": {
    "ner": 1524.3801927778325
  },
  "18": {
    "ner": 1318.65149683632
  },
  "19": {
    "ner": 1307.3556599916558
  },
  "20": {
    "ner": 1276.3740240532302
  },
  "21": {
    "ner": 1272.370769436841
  },
  "22": {
    "ner": 1250.849172431785
  },
  "23": {
    "ner": 1138.0624942164732
  },
  "24": {
    "ner": 1108.3904422812604
  },
  "25": {
    "ner": 1055.295742607921
  },
  "26": {
    "ner": 1014.0339504661281
  },
  "27": {
    "ner": 1032.2746143601166
  },
  "28": {
    "ner": 960.6270022314421
  },
  "29": {
    "ner": 1001.051635254855
  },
  "30": {
    "ner": 927.968778563529
  },
  "31": {
    "ner": 905.2025989009456
  },
  "32": {
    "ner": 912.2670721645475
  },
  "33": {
    "ner": 878.4291412206028
  },
  "34": {
    "ner": 798.507516746906
  },
  "35": {
    "ner": 801.5786826553448
  },
  "36": {
    "ner": 858.2107534872523
  },
  "37": {
    "ner": 809.4598846218529
  },
  "38": {
    "ner": 817.5944178749417
  },
  "39": {
    "ner": 813.5814378462361
  }
}