{
  "0": {
    "ner": 12829.268936021599
  },
  "1": {
    "ner": 5288.61154107945
  },
  "2": {
    "ner": 4010.279001060649
  },
  "3": {
    "ner": 3342.6077484852967
  },
  "4": {
    "ner": 2779.44430093708
  },
  "5": {
    "ner": 2417.017281319538
  },
  "6": {
    "ner": 2145.370857243011
  },
  "7": {
    "ner": 1945.3069024951578
  },
  "8": {
    "ner": 1786.6124535732579
  },
  "9": {
    "ner": 1592.722500299328
  },
  "10": {
    "ner": 1458.6055029937122
  },
  "11": {
    "ner": 1412.628290276284
  },
  "12": {
    "ner": 1270.1784596940765
  },
  "13": {
    "ner": 1233.4871364434712
  },
  "14": {
    "ner": 1170.6039487503945
  },
  "15": {
    "ner": 1085.6399518454257
  },
  "16": {
    "ner": 981.9086165212015
  },
  "17": {
    "ner": 1006.103503299482
  },
  "18": {
    "ner": 922.6093019341196
  },
  "19": {
    "ner": 831.9595955031491
  },
  "20": {
    "ner": 874.0157920350324
  },
  "21": {
    "ner": 793.1060643759754
  },
  "22": {
    "ner": 767.9707171256962
  },
  "23": {
    "ner": 726.3477556222558
  },
  "24": {
    "ner": 732.0792036476424
  },
  "25": {
    "ner": 753.0026134637139
  },
  "26": {
    "ner": 743.6070205710976
  },
  "27": {
    "ner": 692.0272432851326
  },
  "28": {
    "ner": 599.5374451201415
  },
  "29": {
    "ner": 656.8815858371446
  },
  "30": {
    "ner": 619.6258139519923
  },
  "31": {
    "ner": 584.9650389681061
  },
  "32": {
    "ner": 611.4069361581223
  },
  "33": {
    "ner": 601.0637330348058
  },
  "34": {
    "ner": 579.2538403866164
  },
  "35": {
    "ner": 542.7123493300741
  },
  "36": {
    "ner": 530.2375180049286
  },
  "37": {
    "ner": 502.59026285137475
  },
  "38": {
    "ner": 489.6553235067264
  },
  "39": {
    "ner": 522.4335603848879
  },
  "40": {
    "ner": 464.4122316053967
  },
  "41": {
    "ner": 495.7066176457358
  },
  "42": {
    "ner": 415.38148953345876
  },
  "43": {
    "ner": 454.17124849658285
  },
  "44": {
    "ner": 471.62500761005685
  },
  "45": {
    "ner": 461.8187350828204
  },
  "46": {
    "ner": 403.8885279210463
  },
  "47": {
    "ner": 448.94709746042054
  },
  "48": {
    "ner": 437.70217616621176
  },
  "49": {
    "ner": 445.5640186682623
  },
  "50": {
    "ner": 381.22090856852344
  },
  "51": {
    "ner": 441.0620033268054
  },
  "52": {
    "ner": 371.07393265048785
  },
  "53": {
    "ner": 372.9061112657521
  },
  "54": {
    "ner": 335.365082073529
  },
  "55": {
    "ner": 407.3718583103276
  },
  "56": {
    "ner": 397.1070403724761
  },
  "57": {
    "ner": 328.1406121531826
  },
  "58": {
    "ner": 400.6574210714674
  },
  "59": {
    "ner": 330.8792310809734
  },
  "60": {
    "ner": 338.7823423585593
  },
  "61": {
    "ner": 362.6620669327486
  },
  "62": {
    "ner": 347.2972889202144
  }
}