{
  "0": {
    "ner": 13259.993078726291
  },
  "1": {
    "ner": 5810.0794240719
  },
  "2": {
    "ner": 4598.289327220167
  },
  "3": {
    "ner": 3759.1067181539765
  },
  "4": {
    "ner": 3287.106931511301
  },
  "5": {
    "ner": 2987.247724770891
  },
  "6": {
    "ner": 2671.7900540742967
  },
  "7": {
    "ner": 2341.8267490499056
  },
  "8": {
    "ner": 2175.9208021974737
  },
  "9": {
    "ner": 1975.5300517927737
  },
  "10": {
    "ner": 1824.5787491502183
  },
  "11": {
    "ner": 1715.981808565824
  },
  "12": {
    "ner": 1613.7327005833145
  },
  "13": {
    "ner": 1523.1401712987551
  },
  "14": {
    "ner": 1434.5320922056387
  },
  "15": {
    "ner": 1358.6010437621007
  },
  "16": {
    "ner": 1306.7583341428124
  },
  "17": {
    "ner": 1215.5891881147859
  },
  "18": {
    "ner": 1201.7859811402209
  },
  "19": {
    "ner": 1146.440355290576
  },
  "20": {
    "ner": 1075.742139832252
  },
  "21": {
    "ner": 1058.2773059586682
  },
  "22": {
    "ner": 983.9347995313312
  },
  "23": {
    "ner": 1038.8609092256
  },
  "24": {
    "ner": 977.1058325247907
  },
  "25": {
    "ner": 941.5302928100341
  },
  "26": {
    "ner": 904.0244411557265
  },
  "27": {
    "ner": 953.1106717429142
  },
  "28": {
    "ner": 857.4033973941097
  },
  "29": {
    "ner": 860.1785120128858
  },
  "30": {
    "ner": 802.2536427071383
  },
  "31": {
    "ner": 864.0914555628378
  },
  "32": {
    "ner": 816.2833579892634
  },
  "33": {
    "ner": 756.0571145816572
  },
  "34": {
    "ner": 762.6684473720836
  },
  "35": {
    "ner": 712.5214190336967
  },
  "36": {
    "ner": 740.6761457223993
  },
  "37": {
    "ner": 761.5371812944603
  },
  "38": {
    "ner": 702.1815648877033
  },
  "39": {
    "ner": 670.8695725758763
  },
  "40": {
    "ner": 662.4737229435368
  },
  "41": {
    "ner": 678.760935967114
  },
  "42": {
    "ner": 585.5855985129995
  },
  "43": {
    "ner": 659.1212106696784
  },
  "44": {
    "ner": 637.6457429613293
  },
  "45": {
    "ner": 609.8625028308404
  },
  "46": {
    "ner": 609.0348240173346
  },
  "47": {
    "ner": 573.7756383101222
  },
  "48": {
    "ner": 614.3728384656949
  },
  "49": {
    "ner": 518.6924914514699
  },
  "50": {
    "ner": 593.3445897859225
  },
  "51": {
    "ner": 550.8351284722514
  },
  "52": {
    "ner": 543.939017050245
  },
  "53": {
    "ner": 540.7200518009527
  },
  "54": {
    "ner": 587.9736229299632
  },
  "55": {
    "ner": 477.0939092005283
  },
  "56": {
    "ner": 500.3409827641534
  },
  "57": {
    "ner": 486.1722329010839
  },
  "58": {
    "ner": 550.3510189243415
  },
  "59": {
    "ner": 446.4364246682187
  },
  "60": {
    "ner": 445.9034996850772
  },
  "61": {
    "ner": 501.81672909686387
  },
  "62": {
    "ner": 483.56265449513467
  },
  "63": {
    "ner": 463.3514220080389
  },
  "64": {
    "ner": 422.5667857127886
  },
  "65": {
    "ner": 442.13128094097897
  },
  "66": {
    "ner": 428.7704048472249
  },
  "67": {
    "ner": 485.2961711874403
  },
  "68": {
    "ner": 441.9789288742553
  },
  "69": {
    "ner": 449.16652025842285
  },
  "70": {
    "ner": 432.9883860976912
  },
  "71": {
    "ner": 464.93066896697303
  }
}