{
  "0": {
    "ner": 4894.359229191068
  },
  "1": {
    "ner": 3904.4869733331243
  },
  "2": {
    "ner": 3291.7635837295393
  },
  "3": {
    "ner": 3082.9055890176237
  },
  "4": {
    "ner": 2838.206327754232
  },
  "5": {
    "ner": 2647.814708833813
  },
  "6": {
    "ner": 2478.8826787960293
  },
  "7": {
    "ner": 2332.5937174013816
  },
  "8": {
    "ner": 2292.8102991127416
  },
  "9": {
    "ner": 2217.5282552058743
  },
  "10": {
    "ner": 2142.2948419290205
  },
  "11": {
    "ner": 2082.3087384907662
  },
  "12": {
    "ner": 1991.2499247357275
  },
  "13": {
    "ner": 1896.5711802876094
  },
  "14": {
    "ner": 1881.2884098544225
  },
  "15": {
    "ner": 1767.5938838867594
  },
  "16": {
    "ner": 1792.145902248205
  },
  "17": {
    "ner": 1712.243498784988
  },
  "18": {
    "ner": 1633.2284853679146
  },
  "19": {
    "ner": 1649.5157132821935
  },
  "20": {
    "ner": 1549.2294266910465
  },
  "21": {
    "ner": 1594.068149751469
  },
  "22": {
    "ner": 1532.9956670979789
  },
  "23": {
    "ner": 1465.056096032563
  },
  "24": {
    "ner": 1492.5312758144144
  },
  "25": {
    "ner": 1439.4979466375478
  },
  "26": {
    "ner": 1457.5370488342476
  },
  "27": {
    "ner": 1380.5956810507942
  },
  "28": {
    "ner": 1363.4934334407196
  },
  "29": {
    "ner": 1364.7020357629435
  },
  "30": {
    "ner": 1398.3001135912882
  },
  "31": {
    "ner": 1405.47259260176
  },
  "32": {
    "ner": 1367.9978596807387
  },
  "33": {
    "ner": 1357.2156255937089
  },
  "34": {
    "ner": 1219.045935959793
  },
  "35": {
    "ner": 1252.1859448189155
  },
  "36": {
    "ner": 1222.0023026843835
  },
  "37": {
    "ner": 1279.4080320019993
  },
  "38": {
    "ner": 1198.7414643315105
  },
  "39": {
    "ner": 1173.3733427704103
  },
  "40": {
    "ner": 1256.6698502047666
  },
  "41": {
    "ner": 1257.168268781597
  },
  "42": {
    "ner": 1159.1658071076256
  },
  "43": {
    "ner": 1189.6028835466027
  },
  "44": {
    "ner": 1154.6139567437406
  },
  "45": {
    "ner": 1118.548466005939
  },
  "46": {
    "ner": 1108.9309403703598
  },
  "47": {
    "ner": 1106.200883494843
  },
  "48": {
    "ner": 1128.3018079841884
  },
  "49": {
    "ner": 1099.6231802615791
  },
  "50": {
    "ner": 1080.2858901734783
  },
  "51": {
    "ner": 1109.4681923821406
  },
  "52": {
    "ner": 1025.1100333869294
  },
  "53": {
    "ner": 1101.2168720955183
  },
  "54": {
    "ner": 1003.9945778920795
  },
  "55": {
    "ner": 1024.3365097101105
  },
  "56": {
    "ner": 1059.2080365445959
  },
  "57": {
    "ner": 1045.9318970288018
  },
  "58": {
    "ner": 1049.3553982235478
  },
  "59": {
    "ner": 971.4259712911679
  },
  "60": {
    "ner": 987.9730830772908
  },
  "61": {
    "ner": 990.5081909426294
  },
  "62": {
    "ner": 942.6143657272236
  },
  "63": {
    "ner": 994.7759485083997
  },
  "64": {
    "ner": 917.3427136552099
  },
  "65": {
    "ner": 1037.435141541519
  },
  "66": {
    "ner": 971.0302541143261
  },
  "67": {
    "ner": 964.8313259564205
  },
  "68": {
    "ner": 955.8807219342217
  },
  "69": {
    "ner": 930.7278594814806
  }
}