{
  "0": {
    "ner": 9621.432241443586
  },
  "1": {
    "ner": 4705.912368033226
  },
  "2": {
    "ner": 3555.0313561815433
  },
  "3": {
    "ner": 2825.8744624694696
  },
  "4": {
    "ner": 2507.2522701782295
  },
  "5": {
    "ner": 2270.74961630937
  },
  "6": {
    "ner": 1997.7443661961197
  },
  "7": {
    "ner": 1823.151114546923
  },
  "8": {
    "ner": 1688.33250416909
  },
  "9": {
    "ner": 1497.8352625328644
  },
  "10": {
    "ner": 1425.3748672309769
  },
  "11": {
    "ner": 1299.388575664298
  },
  "12": {
    "ner": 1207.851037901844
  },
  "13": {
    "ner": 1086.5452823697838
  },
  "14": {
    "ner": 1074.9890926013136
  },
  "15": {
    "ner": 1046.3887360317456
  },
  "16": {
    "ner": 987.1069755057625
  },
  "17": {
    "ner": 949.4707740928478
  },
  "18": {
    "ner": 876.2067552272778
  },
  "19": {
    "ner": 839.666472475101
  },
  "20": {
    "ner": 827.7385530572618
  },
  "21": {
    "ner": 794.2784322330989
  },
  "22": {
    "ner": 752.6276163705485
  },
  "23": {
    "ner": 699.852071312946
  },
  "24": {
    "ner": 668.2165561612184
  },
  "25": {
    "ner": 595.7057629042582
  },
  "26": {
    "ner": 648.1988538052453
  },
  "27": {
    "ner": 645.9656158348598
  },
  "28": {
    "ner": 587.0472785525765
  },
  "29": {
    "ner": 573.0698209976307
  },
  "30": {
    "ner": 553.1727653929752
  },
  "31": {
    "ner": 585.1140117672047
  },
  "32": {
    "ner": 564.893815564248
  },
  "33": {
    "ner": 566.2253694933006
  },
  "34": {
    "ner": 508.39018014260563
  },
  "35": {
    "ner": 527.3601363658709
  },
  "36": {
    "ner": 528.2148716742036
  },
  "37": {
    "ner": 485.79968819476653
  },
  "38": {
    "ner": 452.73133557345045
  },
  "39": {
    "ner": 442.2776369192134
  },
  "40": {
    "ner": 454.27418762118464
  },
  "41": {
    "ner": 442.2211827110829
  },
  "42": {
    "ner": 445.6971354742646
  },
  "43": {
    "ner": 401.08418694684104
  },
  "44": {
    "ner": 445.904174078011
  },
  "45": {
    "ner": 409.7859097291326
  },
  "46": {
    "ner": 485.33882393071616
  },
  "47": {
    "ner": 371.89612203878823
  },
  "48": {
    "ner": 392.76908836900355
  },
  "49": {
    "ner": 413.4520070016338
  },
  "50": {
    "ner": 395.91374862761757
  },
  "51": {
    "ner": 371.9267732535099
  },
  "52": {
    "ner": 357.4852233914195
  },
  "53": {
    "ner": 340.8912614132764
  },
  "54": {
    "ner": 367.2923096458261
  },
  "55": {
    "ner": 350.60681553571925
  },
  "56": {
    "ner": 409.9825562508659
  },
  "57": {
    "ner": 367.24907570798547
  },
  "58": {
    "ner": 368.20594936047564
  }
}