{
  "0": {
    "ner": 29458.192345402535
  },
  "1": {
    "ner": 12388.711686125529
  },
  "2": {
    "ner": 9528.819049940364
  },
  "3": {
    "ner": 7855.920662030121
  },
  "4": {
    "ner": 6944.447295990011
  },
  "5": {
    "ner": 6058.796346362438
  },
  "6": {
    "ner": 5563.315964279681
  },
  "7": {
    "ner": 5023.28108198503
  },
  "8": {
    "ner": 4556.180123545764
  },
  "9": {
    "ner": 4244.441340295414
  },
  "10": {
    "ner": 3972.9698623182603
  },
  "11": {
    "ner": 3670.7876663672364
  },
  "12": {
    "ner": 3487.4591169575424
  },
  "13": {
    "ner": 3285.23676851592
  },
  "14": {
    "ner": 3148.091634108207
  },
  "15": {
    "ner": 3024.175771570848
  },
  "16": {
    "ner": 2843.122077361802
  },
  "17": {
    "ner": 2838.922399450587
  },
  "18": {
    "ner": 2668.7250568907293
  },
  "19": {
    "ner": 2626.64172880054
  },
  "20": {
    "ner": 2449.549906723265
  },
  "21": {
    "ner": 2432.4237867422066
  },
  "22": {
    "ner": 2371.673654991999
  },
  "23": {
    "ner": 2366.9408862821006
  },
  "24": {
    "ner": 2208.7234080649396
  },
  "25": {
    "ner": 2183.266600384518
  },
  "26": {
    "ner": 2116.8640099249747
  },
  "27": {
    "ner": 2050.2863988681543
  },
  "28": {
    "ner": 1939.1300263315527
  },
  "29": {
    "ner": 2019.408176508494
  },
  "30": {
    "ner": 1925.592755814526
  },
  "31": {
    "ner": 1934.5883065486457
  },
  "32": {
    "ner": 1971.3140520674858
  },
  "33": {
    "ner": 1842.9480835379354
  },
  "34": {
    "ner": 1795.1335980113163
  },
  "35": {
    "ner": 1771.497232795694
  },
  "36": {
    "ner": 1720.8086392651328
  },
  "37": {
    "ner": 1778.095180530964
  },
  "38": {
    "ner": 1632.565187058044
  },
  "39": {
    "ner": 1654.4392705117018
  },
  "40": {
    "ner": 1621.8307739062761
  },
  "41": {
    "ner": 1639.582751180397
  },
  "42": {
    "ner": 1604.1628160492166
  },
  "43": {
    "ner": 1601.211831130236
  },
  "44": {
    "ner": 1586.9332492958047
  },
  "45": {
    "ner": 1472.4381130280735
  },
  "46": {
    "ner": 1526.5867061414308
  },
  "47": {
    "ner": 1472.788119119866
  },
  "48": {
    "ner": 1517.1113320930756
  },
  "49": {
    "ner": 1482.1124756442337
  },
  "50": {
    "ner": 1549.7919301049335
  }
}