{
  "0": {
    "ner": 12350.193830396973
  },
  "1": {
    "ner": 6033.847962329008
  },
  "2": {
    "ner": 4723.482987621396
  },
  "3": {
    "ner": 4043.008720865547
  },
  "4": {
    "ner": 3701.9969177178928
  },
  "5": {
    "ner": 3296.7041859838087
  },
  "6": {
    "ner": 3034.6764174022396
  },
  "7": {
    "ner": 2876.9918578117286
  },
  "8": {
    "ner": 2569.6478840961245
  },
  "9": {
    "ner": 2376.229187240411
  },
  "10": {
    "ner": 2276.2250032414718
  },
  "11": {
    "ner": 2107.4643559068045
  },
  "12": {
    "ner": 2020.2256002938107
  },
  "13": {
    "ner": 1954.0617924381404
  },
  "14": {
    "ner": 1802.2893776705398
  },
  "15": {
    "ner": 1662.9471239646673
  },
  "16": {
    "ner": 1650.0811106513568
  },
  "17": {
    "ner": 1620.4154609634002
  },
  "18": {
    "ner": 1520.0570683548747
  },
  "19": {
    "ner": 1421.8919829776048
  },
  "20": {
    "ner": 1422.6714866242703
  },
  "21": {
    "ner": 1313.9619928498541
  },
  "22": {
    "ner": 1316.5450311983072
  },
  "23": {
    "ner": 1275.467781066168
  },
  "24": {
    "ner": 1214.8183073705604
  },
  "25": {
    "ner": 1130.9657277433648
  },
  "26": {
    "ner": 1110.2155973439574
  },
  "27": {
    "ner": 1131.7857507491667
  },
  "28": {
    "ner": 1038.3089310477226
  },
  "29": {
    "ner": 1045.6342209039633
  },
  "30": {
    "ner": 986.5050456400955
  },
  "31": {
    "ner": 999.5418424509043
  },
  "32": {
    "ner": 905.5455812246045
  },
  "33": {
    "ner": 915.5232662446606
  },
  "34": {
    "ner": 923.2129260459075
  },
  "35": {
    "ner": 868.2911895666008
  },
  "36": {
    "ner": 825.9202323142517
  },
  "37": {
    "ner": 824.9415084189885
  },
  "38": {
    "ner": 860.2879564939849
  },
  "39": {
    "ner": 811.7034196358345
  },
  "40": {
    "ner": 785.4072192164758
  },
  "41": {
    "ner": 801.1416558697887
  },
  "42": {
    "ner": 717.9474776157319
  },
  "43": {
    "ner": 718.6323793959868
  },
  "44": {
    "ner": 749.5439323645364
  },
  "45": {
    "ner": 741.0902163899675
  },
  "46": {
    "ner": 696.5185566409953
  },
  "47": {
    "ner": 656.1136172441446
  },
  "48": {
    "ner": 682.2288242437546
  },
  "49": {
    "ner": 676.1748124088484
  },
  "50": {
    "ner": 723.3602311164713
  },
  "51": {
    "ner": 640.3909393436905
  },
  "52": {
    "ner": 690.9836248324506
  },
  "53": {
    "ner": 578.6693666466141
  },
  "54": {
    "ner": 625.4882828308446
  },
  "55": {
    "ner": 639.7133082441588
  },
  "56": {
    "ner": 573.5278883572225
  },
  "57": {
    "ner": 634.2795321210065
  },
  "58": {
    "ner": 599.8426744715205
  },
  "59": {
    "ner": 576.3847469096112
  },
  "60": {
    "ner": 577.3081597485392
  },
  "61": {
    "ner": 621.1540451882094
  }
}