{
  "0": {
    "ner": 25991.339999024738
  },
  "1": {
    "ner": 9974.205653325502
  },
  "2": {
    "ner": 7639.268875388312
  },
  "3": {
    "ner": 6470.5848069644335
  },
  "4": {
    "ner": 5522.584104550187
  },
  "5": {
    "ner": 4893.138293436892
  },
  "6": {
    "ner": 4515.812566152873
  },
  "7": {
    "ner": 4107.352513986056
  },
  "8": {
    "ner": 3774.4467109846296
  },
  "9": {
    "ner": 3540.322210503119
  },
  "10": {
    "ner": 3280.772475858517
  },
  "11": {
    "ner": 3123.2533820090566
  },
  "12": {
    "ner": 2880.780542163979
  },
  "13": {
    "ner": 2713.0899502287384
  },
  "14": {
    "ner": 2584.4645077063765
  },
  "15": {
    "ner": 2510.4324054857548
  },
  "16": {
    "ner": 2314.533238944732
  },
  "17": {
    "ner": 2167.575682846705
  },
  "18": {
    "ner": 2122.835256198042
  },
  "19": {
    "ner": 2016.7810190651517
  },
  "20": {
    "ner": 1967.1435583097393
  },
  "21": {
    "ner": 1885.8250594157691
  },
  "22": {
    "ner": 1803.644268883864
  },
  "23": {
    "ner": 1799.1089303568647
  },
  "24": {
    "ner": 1738.6005132895034
  },
  "25": {
    "ner": 1728.6204014828559
  },
  "26": {
    "ner": 1721.1146897101494
  },
  "27": {
    "ner": 1655.7090180455928
  },
  "28": {
    "ner": 1559.565518952008
  },
  "29": {
    "ner": 1554.747962963764
  },
  "30": {
    "ner": 1495.9362802027038
  },
  "31": {
    "ner": 1427.6249146267708
  },
  "32": {
    "ner": 1431.1950167797754
  },
  "33": {
    "ner": 1366.155835536844
  },
  "34": {
    "ner": 1283.6806916978267
  },
  "35": {
    "ner": 1327.8111317829682
  },
  "36": {
    "ner": 1251.0916310450605
  },
  "37": {
    "ner": 1320.8230437457273
  },
  "38": {
    "ner": 1274.105647456828
  },
  "39": {
    "ner": 1188.535948579676
  },
  "40": {
    "ner": 1146.5284358943431
  },
  "41": {
    "ner": 1194.3510285966347
  },
  "42": {
    "ner": 1137.0194223793542
  },
  "43": {
    "ner": 1130.2184333442863
  },
  "44": {
    "ner": 1152.3785080650457
  },
  "45": {
    "ner": 1138.0499637876471
  },
  "46": {
    "ner": 1147.1821741470596
  },
  "47": {
    "ner": 1029.2905594044794
  },
  "48": {
    "ner": 1170.154062818421
  },
  "49": {
    "ner": 1111.525724334884
  },
  "50": {
    "ner": 1103.356178876997
  },
  "51": {
    "ner": 1070.108047485945
  },
  "52": {
    "ner": 1010.6017690505539
  },
  "53": {
    "ner": 1047.5277720879178
  },
  "54": {
    "ner": 996.4274954086908
  },
  "55": {
    "ner": 922.5980492877991
  },
  "56": {
    "ner": 935.0906579011609
  },
  "57": {
    "ner": 973.1320187009738
  },
  "58": {
    "ner": 975.6121736899627
  },
  "59": {
    "ner": 934.2941431428137
  },
  "60": {
    "ner": 908.4398700359296
  },
  "61": {
    "ner": 991.0344757725135
  },
  "62": {
    "ner": 938.0095303881361
  },
  "63": {
    "ner": 911.4419630554107
  },
  "64": {
    "ner": 926.9447483826143
  },
  "65": {
    "ner": 836.227869750553
  },
  "66": {
    "ner": 910.9914120575528
  },
  "67": {
    "ner": 929.9510035880481
  },
  "68": {
    "ner": 866.7855839748581
  },
  "69": {
    "ner": 901.4294008099231
  },
  "70": {
    "ner": 878.7940011838019
  }
}