{
  "0": {
    "ner": 21946.53990646231
  },
  "1": {
    "ner": 7266.880285438493
  },
  "2": {
    "ner": 5300.637142259955
  },
  "3": {
    "ner": 4274.175387276601
  },
  "4": {
    "ner": 3579.0051030020736
  },
  "5": {
    "ner": 2998.191316331017
  },
  "6": {
    "ner": 2649.092432281463
  },
  "7": {
    "ner": 2376.490623931963
  },
  "8": {
    "ner": 2072.527218170291
  },
  "9": {
    "ner": 1954.2921629669186
  },
  "10": {
    "ner": 1778.6955672407285
  },
  "11": {
    "ner": 1637.7236121372541
  },
  "12": {
    "ner": 1526.2150356131353
  },
  "13": {
    "ner": 1431.2617975762373
  },
  "14": {
    "ner": 1349.014433040429
  },
  "15": {
    "ner": 1365.179460828556
  },
  "16": {
    "ner": 1244.533787727345
  },
  "17": {
    "ner": 1181.3736673306034
  },
  "18": {
    "ner": 1117.1128502026872
  },
  "19": {
    "ner": 1076.6365511708418
  },
  "20": {
    "ner": 1024.2266607828867
  },
  "21": {
    "ner": 991.1650076439973
  },
  "22": {
    "ner": 973.6302762009249
  },
  "23": {
    "ner": 925.1353379552417
  },
  "24": {
    "ner": 927.0590662881432
  },
  "25": {
    "ner": 888.6748933853415
  },
  "26": {
    "ner": 801.1833233128874
  },
  "27": {
    "ner": 778.5836226598473
  },
  "28": {
    "ner": 787.4152071618488
  },
  "29": {
    "ner": 759.0194720619953
  },
  "30": {
    "ner": 799.8129755847496
  },
  "31": {
    "ner": 693.616329901615
  },
  "32": {
    "ner": 740.3171046099465
  },
  "33": {
    "ner": 685.205959843131
  },
  "34": {
    "ner": 677.3502696020255
  },
  "35": {
    "ner": 632.405501270912
  },
  "36": {
    "ner": 660.0857508808534
  },
  "37": {
    "ner": 615.6016720572075
  },
  "38": {
    "ner": 554.6770189447326
  },
  "39": {
    "ner": 601.5184556417395
  },
  "40": {
    "ner": 648.0171493921737
  },
  "41": {
    "ner": 567.0677941060349
  },
  "42": {
    "ner": 587.7795271871041
  },
  "43": {
    "ner": 555.5099641056288
  }
}