{
  "0": {
    "ner": 32010.984715707324
  },
  "1": {
    "ner": 9201.740245955472
  },
  "2": {
    "ner": 6793.449523382871
  },
  "3": {
    "ner": 5501.153446616423
  },
  "4": {
    "ner": 4584.526949774576
  },
  "5": {
    "ner": 4006.2012020723505
  },
  "6": {
    "ner": 3440.266155183758
  },
  "7": {
    "ner": 3064.6428175009546
  },
  "8": {
    "ner": 2779.1766867379556
  },
  "9": {
    "ner": 2608.2660860475135
  },
  "10": {
    "ner": 2381.966052993976
  },
  "11": {
    "ner": 2121.7272424246726
  },
  "12": {
    "ner": 2008.9649704265028
  },
  "13": {
    "ner": 1808.7317055660885
  },
  "14": {
    "ner": 1751.124691390944
  },
  "15": {
    "ner": 1691.005732100191
  },
  "16": {
    "ner": 1584.7090947249144
  },
  "17": {
    "ner": 1515.165668310648
  },
  "18": {
    "ner": 1402.1318346758885
  },
  "19": {
    "ner": 1333.4256546667095
  },
  "20": {
    "ner": 1325.6840567843374
  },
  "21": {
    "ner": 1239.6374430593994
  },
  "22": {
    "ner": 1181.730930527424
  },
  "23": {
    "ner": 1161.3605537920746
  },
  "24": {
    "ner": 1068.8925413934792
  },
  "25": {
    "ner": 1126.2482220396087
  },
  "26": {
    "ner": 978.3302833718217
  },
  "27": {
    "ner": 994.7368602942513
  },
  "28": {
    "ner": 922.1442518648903
  },
  "29": {
    "ner": 977.9220179214174
  },
  "30": {
    "ner": 931.4060913845383
  },
  "31": {
    "ner": 895.0776973287396
  },
  "32": {
    "ner": 913.6318769862619
  },
  "33": {
    "ner": 844.9767899424689
  },
  "34": {
    "ner": 848.4835462334294
  },
  "35": {
    "ner": 799.0148768133588
  },
  "36": {
    "ner": 787.0985548956199
  },
  "37": {
    "ner": 748.8102128860228
  },
  "38": {
    "ner": 719.0047579097126
  },
  "39": {
    "ner": 743.4790099991675
  },
  "40": {
    "ner": 740.4389806328006
  },
  "41": {
    "ner": 720.984081535791
  }
}