{
  "0": {
    "ner": 5484.815419910544
  },
  "1": {
    "ner": 4061.5594986048127
  },
  "2": {
    "ner": 3520.311618876494
  },
  "3": {
    "ner": 3066.540119213855
  },
  "4": {
    "ner": 2816.9802054431316
  },
  "5": {
    "ner": 2577.5899541594054
  },
  "6": {
    "ner": 2394.6483108831953
  },
  "7": {
    "ner": 2183.958616338036
  },
  "8": {
    "ner": 2095.5018199014057
  },
  "9": {
    "ner": 2030.003688368699
  },
  "10": {
    "ner": 1831.3214491433941
  },
  "11": {
    "ner": 1824.4250713130543
  },
  "12": {
    "ner": 1639.6365791448866
  },
  "13": {
    "ner": 1687.973438248313
  },
  "14": {
    "ner": 1544.036731916184
  },
  "15": {
    "ner": 1465.4052241359173
  },
  "16": {
    "ner": 1429.866118074566
  },
  "17": {
    "ner": 1479.5187474263882
  },
  "18": {
    "ner": 1393.2753708683979
  },
  "19": {
    "ner": 1324.5225238006356
  },
  "20": {
    "ner": 1282.0719241405684
  },
  "21": {
    "ner": 1251.7200750361592
  },
  "22": {
    "ner": 1199.7855886442971
  },
  "23": {
    "ner": 1230.131443838447
  },
  "24": {
    "ner": 1170.898725174042
  },
  "25": {
    "ner": 1138.5827790192063
  },
  "26": {
    "ner": 1140.2765419732962
  },
  "27": {
    "ner": 1117.605643857973
  },
  "28": {
    "ner": 1101.5327979249448
  },
  "29": {
    "ner": 1072.423757627589
  },
  "30": {
    "ner": 1052.236232151256
  },
  "31": {
    "ner": 1007.7708340441367
  },
  "32": {
    "ner": 1042.7775605390434
  },
  "33": {
    "ner": 1018.2000822361591
  },
  "34": {
    "ner": 978.4730503899373
  },
  "35": {
    "ner": 970.7060047189916
  },
  "36": {
    "ner": 978.1619547070326
  },
  "37": {
    "ner": 931.3444447387258
  },
  "38": {
    "ner": 891.2886472328244
  },
  "39": {
    "ner": 843.175660477352
  },
  "40": {
    "ner": 891.6552256734897
  },
  "41": {
    "ner": 870.9881989732969
  },
  "42": {
    "ner": 907.5495785041613
  },
  "43": {
    "ner": 907.2868393560917
  },
  "44": {
    "ner": 889.2378362529386
  }
}