{
  "0": {
    "ner": 17848.074001881258
  },
  "1": {
    "ner": 6336.418930033851
  },
  "2": {
    "ner": 5019.182177876801
  },
  "3": {
    "ner": 4141.897901313055
  },
  "4": {
    "ner": 3566.6394041873446
  },
  "5": {
    "ner": 3211.410806839112
  },
  "6": {
    "ner": 2886.8603108143725
  },
  "7": {
    "ner": 2535.4773962686077
  },
  "8": {
    "ner": 2368.524819552838
  },
  "9": {
    "ner": 2205.3420488715083
  },
  "10": {
    "ner": 1980.4615574111767
  },
  "11": {
    "ner": 1803.2786002002351
  },
  "12": {
    "ner": 1717.5771160500171
  },
  "13": {
    "ner": 1668.2413079589905
  },
  "14": {
    "ner": 1533.107102843177
  },
  "15": {
    "ner": 1445.4508601101797
  },
  "16": {
    "ner": 1414.6398722863041
  },
  "17": {
    "ner": 1255.980301094983
  },
  "18": {
    "ner": 1266.9615236605352
  },
  "19": {
    "ner": 1138.409289886799
  },
  "20": {
    "ner": 1127.9278166917518
  },
  "21": {
    "ner": 1103.4289698642447
  },
  "22": {
    "ner": 1027.066636956716
  },
  "23": {
    "ner": 1051.492801949558
  },
  "24": {
    "ner": 983.3855606118171
  },
  "25": {
    "ner": 979.5873001451909
  },
  "26": {
    "ner": 943.0372657404462
  },
  "27": {
    "ner": 904.5541222272442
  },
  "28": {
    "ner": 885.1505882260249
  },
  "29": {
    "ner": 842.9464785052786
  },
  "30": {
    "ner": 770.5223273347643
  },
  "31": {
    "ner": 748.3320589084435
  },
  "32": {
    "ner": 785.4604915199532
  },
  "33": {
    "ner": 757.54586679222
  },
  "34": {
    "ner": 682.7653674429087
  },
  "35": {
    "ner": 712.4612376894797
  },
  "36": {
    "ner": 676.3971004823628
  },
  "37": {
    "ner": 696.6373732200221
  },
  "38": {
    "ner": 667.9817008308702
  },
  "39": {
    "ner": 667.4267821049166
  },
  "40": {
    "ner": 600.2502186336953
  },
  "41": {
    "ner": 636.9751640457647
  },
  "42": {
    "ner": 624.6231811017287
  },
  "43": {
    "ner": 582.0889486341495
  },
  "44": {
    "ner": 567.0312533843469
  },
  "45": {
    "ner": 545.1156247124278
  },
  "46": {
    "ner": 559.8337412949707
  },
  "47": {
    "ner": 534.0497404243351
  },
  "48": {
    "ner": 567.1172110253583
  },
  "49": {
    "ner": 485.9056842331176
  },
  "50": {
    "ner": 559.8042974064313
  },
  "51": {
    "ner": 563.2331592777838
  },
  "52": {
    "ner": 509.299881456434
  },
  "53": {
    "ner": 441.682737208797
  },
  "54": {
    "ner": 463.2671835454457
  },
  "55": {
    "ner": 533.16445055981
  },
  "56": {
    "ner": 521.641262010667
  },
  "57": {
    "ner": 451.62098984782597
  },
  "58": {
    "ner": 469.90364075620516
  },
  "59": {
    "ner": 468.0715599300012
  },
  "60": {
    "ner": 481.6992830073754
  }
}