{
  "0": {
    "ner": 22471.211541437555
  },
  "1": {
    "ner": 8170.978185365603
  },
  "2": {
    "ner": 6183.095884522204
  },
  "3": {
    "ner": 4841.0461160932755
  },
  "4": {
    "ner": 4160.021935594204
  },
  "5": {
    "ner": 3613.8932990015105
  },
  "6": {
    "ner": 3236.6664009273077
  },
  "7": {
    "ner": 2878.8748004141235
  },
  "8": {
    "ner": 2465.998062571948
  },
  "9": {
    "ner": 2423.3089423596357
  },
  "10": {
    "ner": 2091.702738139895
  },
  "11": {
    "ner": 2032.0219473698396
  },
  "12": {
    "ner": 1914.3681914342915
  },
  "13": {
    "ner": 1756.0455870136177
  },
  "14": {
    "ner": 1708.5205598861273
  },
  "15": {
    "ner": 1530.3950520863523
  },
  "16": {
    "ner": 1549.2757148837184
  },
  "17": {
    "ner": 1488.322251261433
  },
  "18": {
    "ner": 1358.457152469043
  },
  "19": {
    "ner": 1372.9026841366644
  },
  "20": {
    "ner": 1257.8300981068878
  },
  "21": {
    "ner": 1278.213537954788
  },
  "22": {
    "ner": 1131.5038192079217
  },
  "23": {
    "ner": 1157.6166410000749
  },
  "24": {
    "ner": 1090.4519394926765
  },
  "25": {
    "ner": 1070.3823939413055
  },
  "26": {
    "ner": 1018.3677254390618
  },
  "27": {
    "ner": 1130.0906379151968
  },
  "28": {
    "ner": 929.2835945190285
  },
  "29": {
    "ner": 979.9778600784964
  },
  "30": {
    "ner": 927.4033386225807
  },
  "31": {
    "ner": 866.0685691603537
  },
  "32": {
    "ner": 925.3272626638554
  },
  "33": {
    "ner": 857.9275580795489
  },
  "34": {
    "ner": 777.1503055771763
  },
  "35": {
    "ner": 881.2869375151629
  },
  "36": {
    "ner": 866.0602367550885
  },
  "37": {
    "ner": 770.0583212713947
  },
  "38": {
    "ner": 794.7147274378804
  },
  "39": {
    "ner": 804.2482003111081
  },
  "40": {
    "ner": 755.5176937999568
  },
  "41": {
    "ner": 732.0960200176593
  },
  "42": {
    "ner": 752.1127561382461
  },
  "43": {
    "ner": 721.3345731526698
  },
  "44": {
    "ner": 707.9937724038202
  },
  "45": {
    "ner": 656.9622221843714
  },
  "46": {
    "ner": 688.3295313126728
  },
  "47": {
    "ner": 683.6048350759879
  },
  "48": {
    "ner": 685.49070232565
  },
  "49": {
    "ner": 659.0989034170543
  },
  "50": {
    "ner": 683.768852842599
  }
}