{
  "0": {
    "ner": 11951.216244332245
  },
  "1": {
    "ner": 4959.614536933349
  },
  "2": {
    "ner": 3682.042405253619
  },
  "3": {
    "ner": 2966.939707567896
  },
  "4": {
    "ner": 2510.2008751494
  },
  "5": {
    "ner": 2126.6243521051742
  },
  "6": {
    "ner": 1851.5154386946392
  },
  "7": {
    "ner": 1660.078397143356
  },
  "8": {
    "ner": 1596.5482386393232
  },
  "9": {
    "ner": 1395.6019412997507
  },
  "10": {
    "ner": 1236.9173149431535
  },
  "11": {
    "ner": 1193.3815387368184
  },
  "12": {
    "ner": 1092.0646568076147
  },
  "13": {
    "ner": 1083.9393199601097
  },
  "14": {
    "ner": 967.2291723971812
  },
  "15": {
    "ner": 916.8548360953064
  },
  "16": {
    "ner": 905.4647210302983
  },
  "17": {
    "ner": 861.2848779462117
  },
  "18": {
    "ner": 815.7956320847043
  },
  "19": {
    "ner": 773.5217682141284
  },
  "20": {
    "ner": 762.0251469697888
  },
  "21": {
    "ner": 674.4690872554847
  },
  "22": {
    "ner": 682.2593123385271
  },
  "23": {
    "ner": 685.7060095901484
  },
  "24": {
    "ner": 657.1178524766991
  },
  "25": {
    "ner": 656.0607696408047
  },
  "26": {
    "ner": 605.584449704285
  },
  "27": {
    "ner": 644.3567662137922
  },
  "28": {
    "ner": 568.5200970715681
  },
  "29": {
    "ner": 539.2166721122508
  },
  "30": {
    "ner": 486.9338702853048
  },
  "31": {
    "ner": 490.95885766868196
  },
  "32": {
    "ner": 468.3086114939614
  },
  "33": {
    "ner": 489.1297088259842
  },
  "34": {
    "ner": 484.2296762795962
  },
  "35": {
    "ner": 483.12328649028245
  },
  "36": {
    "ner": 423.41589716391405
  },
  "37": {
    "ner": 494.2747869274309
  },
  "38": {
    "ner": 438.57191601782284
  },
  "39": {
    "ner": 421.7990064336039
  },
  "40": {
    "ner": 408.1665671775123
  },
  "41": {
    "ner": 448.08610279177265
  },
  "42": {
    "ner": 410.2098920635237
  },
  "43": {
    "ner": 424.7321899126859
  },
  "44": {
    "ner": 381.16850237240476
  },
  "45": {
    "ner": 364.57359103653846
  },
  "46": {
    "ner": 372.01339020750567
  },
  "47": {
    "ner": 348.88410798146725
  },
  "48": {
    "ner": 362.42371819192465
  },
  "49": {
    "ner": 401.73679550520836
  },
  "50": {
    "ner": 336.19545862199686
  },
  "51": {
    "ner": 371.5298078191109
  },
  "52": {
    "ner": 326.5447771973243
  },
  "53": {
    "ner": 350.7260191207673
  },
  "54": {
    "ner": 337.9185493891236
  },
  "55": {
    "ner": 280.03915997436764
  },
  "56": {
    "ner": 277.64841619150815
  },
  "57": {
    "ner": 281.70953545909987
  },
  "58": {
    "ner": 304.479142386037
  },
  "59": {
    "ner": 303.0211542089285
  },
  "60": {
    "ner": 283.8179650239337
  },
  "61": {
    "ner": 309.5574188956425
  }
}