{
  "0": {
    "ner": 12760.009605653426
  },
  "1": {
    "ner": 8170.318919559713
  },
  "2": {
    "ner": 6891.266782209631
  },
  "3": {
    "ner": 6025.393886494811
  },
  "4": {
    "ner": 5811.96771290383
  },
  "5": {
    "ner": 5512.271173835842
  },
  "6": {
    "ner": 5296.490141148527
  },
  "7": {
    "ner": 5235.260896612553
  },
  "8": {
    "ner": 5046.740624489254
  },
  "9": {
    "ner": 4973.830577046772
  },
  "10": {
    "ner": 5017.859998598908
  },
  "11": {
    "ner": 4900.961947907638
  },
  "12": {
    "ner": 4838.758090039101
  },
  "13": {
    "ner": 4886.875202931668
  },
  "14": {
    "ner": 4714.624255783186
  },
  "15": {
    "ner": 4738.327280185656
  },
  "16": {
    "ner": 4565.160664788347
  },
  "17": {
    "ner": 4583.78275722923
  },
  "18": {
    "ner": 4495.220605149534
  },
  "19": {
    "ner": 4534.810179279405
  },
  "20": {
    "ner": 4500.498598112403
  },
  "21": {
    "ner": 4424.467961309918
  },
  "22": {
    "ner": 4418.58057027781
  },
  "23": {
    "ner": 4177.6422341950165
  },
  "24": {
    "ner": 4473.728806059217
  },
  "25": {
    "ner": 4482.807123740337
  },
  "26": {
    "ner": 4295.435655848486
  },
  "27": {
    "ner": 4296.125647655365
  },
  "28": {
    "ner": 4211.3802648941555
  },
  "29": {
    "ner": 4226.050618910973
  },
  "30": {
    "ner": 4343.9247733939055
  },
  "31": {
    "ner": 4251.641707995066
  },
  "32": {
    "ner": 4284.022606448415
  },
  "33": {
    "ner": 4354.118602595073
  },
  "34": {
    "ner": 4372.461272659416
  },
  "35": {
    "ner": 4378.70702104278
  },
  "36": {
    "ner": 4245.001379737945
  },
  "37": {
    "ner": 4270.430685805459
  },
  "38": {
    "ner": 4208.291241037127
  },
  "39": {
    "ner": 4250.659736461786
  },
  "40": {
    "ner": 4201.661238122778
  },
  "41": {
    "ner": 4174.294246218296
  },
  "42": {
    "ner": 4317.815189482398
  },
  "43": {
    "ner": 4206.800198851955
  },
  "44": {
    "ner": 4211.050399543626
  },
  "45": {
    "ner": 4164.989329134082
  },
  "46": {
    "ner": 4169.060926826847
  },
  "47": {
    "ner": 4246.892852349701
  },
  "48": {
    "ner": 4376.177885754265
  },
  "49": {
    "ner": 4144.422442224529
  },
  "50": {
    "ner": 4229.421797165746
  },
  "51": {
    "ner": 4100.578560124174
  },
  "52": {
    "ner": 4273.158234436391
  },
  "53": {
    "ner": 4141.029963890384
  },
  "54": {
    "ner": 4119.760375687587
  }
}