Model,F1 Score,Precision,Recall
custom_ner_model23git,0.900149,0.977346,0.834254
custom_ner_model23-4git,0.896142,0.967949,0.834254
custom_ner_model23-1git,0.895522,0.974026,0.828729
custom_ner_model24git,0.895126,0.961905,0.837017
custom_ner_model25-1git,0.893175,0.964744,0.831492
custom_ner_model26git,0.876672,0.948553,0.814917
custom_ner_model26-1git,0.873700,0.945338,0.812155
