{
  "0": {
    "ner": 6266.212926797767
  },
  "1": {
    "ner": 4920.842603727784
  },
  "2": {
    "ner": 4297.638938299587
  },
  "3": {
    "ner": 3848.269110952404
  },
  "4": {
    "ner": 3580.662391718586
  },
  "5": {
    "ner": 3369.4071618347093
  },
  "6": {
    "ner": 3088.8695313394624
  },
  "7": {
    "ner": 2961.6784755183276
  },
  "8": {
    "ner": 2809.0133743629026
  },
  "9": {
    "ner": 2687.6261636380873
  },
  "10": {
    "ner": 2601.743586010694
  },
  "11": {
    "ner": 2579.1435060986746
  },
  "12": {
    "ner": 2399.6659250495327
  },
  "13": {
    "ner": 2397.377161073478
  },
  "14": {
    "ner": 2286.000117248064
  },
  "15": {
    "ner": 2341.728100856398
  },
  "16": {
    "ner": 2167.851694322136
  },
  "17": {
    "ner": 2042.288933819369
  },
  "18": {
    "ner": 2100.260283368603
  },
  "19": {
    "ner": 1951.2962215665236
  },
  "20": {
    "ner": 1902.5531302117297
  },
  "21": {
    "ner": 1899.914802173458
  },
  "22": {
    "ner": 1855.4129767159784
  },
  "23": {
    "ner": 1870.2445350664798
  },
  "24": {
    "ner": 1758.1217441188785
  },
  "25": {
    "ner": 1788.3260248851586
  },
  "26": {
    "ner": 1739.552421780745
  },
  "27": {
    "ner": 1731.0703955234171
  },
  "28": {
    "ner": 1736.8382399895963
  },
  "29": {
    "ner": 1672.3376067896377
  },
  "30": {
    "ner": 1608.616411365013
  },
  "31": {
    "ner": 1566.5688656279065
  },
  "32": {
    "ner": 1573.5406186613864
  },
  "33": {
    "ner": 1597.0229526465594
  },
  "34": {
    "ner": 1526.984122891887
  },
  "35": {
    "ner": 1503.9336968122116
  },
  "36": {
    "ner": 1457.0217454625904
  },
  "37": {
    "ner": 1387.5918745944568
  },
  "38": {
    "ner": 1471.0257695414386
  },
  "39": {
    "ner": 1482.6713789531045
  },
  "40": {
    "ner": 1443.3258863765368
  },
  "41": {
    "ner": 1370.4381188413627
  },
  "42": {
    "ner": 1399.1049249123782
  },
  "43": {
    "ner": 1353.159042909364
  },
  "44": {
    "ner": 1297.6755487746116
  },
  "45": {
    "ner": 1314.9965071112424
  },
  "46": {
    "ner": 1328.495425723882
  },
  "47": {
    "ner": 1303.7551459763074
  },
  "48": {
    "ner": 1291.7085195313834
  },
  "49": {
    "ner": 1295.0142836740424
  },
  "50": {
    "ner": 1308.6149576323978
  },
  "51": {
    "ner": 1302.881629648082
  },
  "52": {
    "ner": 1294.5730977242206
  },
  "53": {
    "ner": 1215.538419276414
  },
  "54": {
    "ner": 1248.516861727655
  },
  "55": {
    "ner": 1233.745608585611
  },
  "56": {
    "ner": 1238.050350779469
  },
  "57": {
    "ner": 1218.894786576112
  },
  "58": {
    "ner": 1203.620910774453
  },
  "59": {
    "ner": 1230.434893768612
  },
  "60": {
    "ner": 1159.0398283782304
  },
  "61": {
    "ner": 1114.6742746676323
  },
  "62": {
    "ner": 1212.8960816581623
  },
  "63": {
    "ner": 1130.838190528375
  },
  "64": {
    "ner": 1278.7072039117606
  },
  "65": {
    "ner": 1140.142706892171
  },
  "66": {
    "ner": 1198.9991192352963
  }
}