{
  "0": {
    "ner": 12502.173994467234
  },
  "1": {
    "ner": 5113.556169841861
  },
  "2": {
    "ner": 3884.6005865521975
  },
  "3": {
    "ner": 3226.9955882079194
  },
  "4": {
    "ner": 2793.340276572262
  },
  "5": {
    "ner": 2445.398280024858
  },
  "6": {
    "ner": 2135.674321423605
  },
  "7": {
    "ner": 2030.0938905562975
  },
  "8": {
    "ner": 1800.3464176344198
  },
  "9": {
    "ner": 1683.056567742629
  },
  "10": {
    "ner": 1514.3742804327408
  },
  "11": {
    "ner": 1428.0902900065241
  },
  "12": {
    "ner": 1307.9186691126224
  },
  "13": {
    "ner": 1248.0198268212728
  },
  "14": {
    "ner": 1151.835759791782
  },
  "15": {
    "ner": 1110.857319345767
  },
  "16": {
    "ner": 1039.3229155695983
  },
  "17": {
    "ner": 981.4914142668556
  },
  "18": {
    "ner": 963.2455285991941
  },
  "19": {
    "ner": 894.6937760650071
  },
  "20": {
    "ner": 868.2465192325487
  },
  "21": {
    "ner": 843.9762164080167
  },
  "22": {
    "ner": 840.9789889382816
  },
  "23": {
    "ner": 829.4132901195476
  },
  "24": {
    "ner": 688.7679536982267
  },
  "25": {
    "ner": 737.327780792929
  },
  "26": {
    "ner": 719.7150073506583
  },
  "27": {
    "ner": 617.7400500726134
  },
  "28": {
    "ner": 672.7168925753965
  },
  "29": {
    "ner": 629.4302832341826
  },
  "30": {
    "ner": 644.2137096580485
  },
  "31": {
    "ner": 596.590230494572
  },
  "32": {
    "ner": 603.3434763336518
  },
  "33": {
    "ner": 584.0505821898796
  },
  "34": {
    "ner": 512.8505952025932
  },
  "35": {
    "ner": 586.7134020282459
  },
  "36": {
    "ner": 539.8516931856942
  },
  "37": {
    "ner": 566.9318456605816
  },
  "38": {
    "ner": 455.1751163678537
  },
  "39": {
    "ner": 508.0992485486678
  },
  "40": {
    "ner": 498.4004185740291
  },
  "41": {
    "ner": 422.03239213083873
  },
  "42": {
    "ner": 453.616931994739
  },
  "43": {
    "ner": 501.523564587516
  },
  "44": {
    "ner": 428.14696229416484
  },
  "45": {
    "ner": 470.0921990888574
  },
  "46": {
    "ner": 436.7618685473394
  }
}