{
  "0": {
    "ner": 10307.528628879863
  },
  "1": {
    "ner": 5493.464948725218
  },
  "2": {
    "ner": 4458.028665259064
  },
  "3": {
    "ner": 3906.9560602357587
  },
  "4": {
    "ner": 3467.1429942765453
  },
  "5": {
    "ner": 3070.4650452476835
  },
  "6": {
    "ner": 2900.4072017083045
  },
  "7": {
    "ner": 2719.8827743428274
  },
  "8": {
    "ner": 2469.649076342598
  },
  "9": {
    "ner": 2226.0155003041414
  },
  "10": {
    "ner": 2150.1030176159747
  },
  "11": {
    "ner": 2021.0575627082183
  },
  "12": {
    "ner": 1906.9255912019414
  },
  "13": {
    "ner": 1770.7949088570997
  },
  "14": {
    "ner": 1770.2886005240343
  },
  "15": {
    "ner": 1649.3725457999676
  },
  "16": {
    "ner": 1493.8161503261008
  },
  "17": {
    "ner": 1514.9523536374713
  },
  "18": {
    "ner": 1424.901513483467
  },
  "19": {
    "ner": 1400.4722319933858
  },
  "20": {
    "ner": 1323.504023239409
  },
  "21": {
    "ner": 1351.0443009281926
  },
  "22": {
    "ner": 1156.1909104258193
  },
  "23": {
    "ner": 1215.4172397863836
  },
  "24": {
    "ner": 1181.1742121010584
  },
  "25": {
    "ner": 1162.8926238313204
  },
  "26": {
    "ner": 1189.275375136424
  },
  "27": {
    "ner": 1122.151515219841
  },
  "28": {
    "ner": 1100.4155037520295
  },
  "29": {
    "ner": 1016.0139689694686
  },
  "30": {
    "ner": 1083.0942680977496
  },
  "31": {
    "ner": 1061.2231285849361
  },
  "32": {
    "ner": 992.6635872384703
  },
  "33": {
    "ner": 903.5471063930705
  },
  "34": {
    "ner": 953.8980081782881
  },
  "35": {
    "ner": 971.5778056588875
  },
  "36": {
    "ner": 997.4711106302702
  },
  "37": {
    "ner": 856.8882497428677
  },
  "38": {
    "ner": 813.0843815395689
  },
  "39": {
    "ner": 882.9565013827756
  },
  "40": {
    "ner": 881.2914912775964
  },
  "41": {
    "ner": 868.8572131651244
  },
  "42": {
    "ner": 871.2359507444669
  },
  "43": {
    "ner": 896.7914610113688
  },
  "44": {
    "ner": 826.8974505681265
  },
  "45": {
    "ner": 760.5690798652661
  },
  "46": {
    "ner": 786.086427078678
  },
  "47": {
    "ner": 784.6374134592394
  },
  "48": {
    "ner": 793.7568070208105
  },
  "49": {
    "ner": 818.771737593019
  },
  "50": {
    "ner": 770.2237481053955
  },
  "51": {
    "ner": 728.876341330508
  },
  "52": {
    "ner": 802.522275037383
  },
  "53": {
    "ner": 746.3276129226945
  },
  "54": {
    "ner": 748.9962293732983
  },
  "55": {
    "ner": 811.404383077514
  },
  "56": {
    "ner": 707.4583448904466
  },
  "57": {
    "ner": 818.1591978452764
  },
  "58": {
    "ner": 735.5530035015993
  },
  "59": {
    "ner": 741.0479711703152
  },
  "60": {
    "ner": 826.2571872291243
  },
  "61": {
    "ner": 751.2350746105618
  },
  "62": {
    "ner": 668.7835854439028
  },
  "63": {
    "ner": 702.6892865067166
  },
  "64": {
    "ner": 771.8661456269283
  },
  "65": {
    "ner": 692.8020975373272
  },
  "66": {
    "ner": 689.3566410486324
  },
  "67": {
    "ner": 707.7187588238303
  },
  "68": {
    "ner": 643.5316030552707
  },
  "69": {
    "ner": 706.6541016949842
  },
  "70": {
    "ner": 714.718246548403
  },
  "71": {
    "ner": 719.2076448292916
  },
  "72": {
    "ner": 696.1264725948421
  },
  "73": {
    "ner": 696.8998863703113
  },
  "74": {
    "ner": 708.6566299602355
  },
  "75": {
    "ner": 676.2469078232535
  }
}