{
  "0": {
    "ner": 14579.75891379058
  },
  "1": {
    "ner": 6479.396272890719
  },
  "2": {
    "ner": 5065.305998701892
  },
  "3": {
    "ner": 4329.101259412512
  },
  "4": {
    "ner": 3804.0338897301117
  },
  "5": {
    "ner": 3403.746156964791
  },
  "6": {
    "ner": 3058.675577960364
  },
  "7": {
    "ner": 2808.415840397605
  },
  "8": {
    "ner": 2616.3629309075586
  },
  "9": {
    "ner": 2386.4353285700736
  },
  "10": {
    "ner": 2200.3412699210758
  },
  "11": {
    "ner": 2074.757314736196
  },
  "12": {
    "ner": 1931.2198704256723
  },
  "13": {
    "ner": 1900.7284933479186
  },
  "14": {
    "ner": 1717.8119985491319
  },
  "15": {
    "ner": 1713.0553013596416
  },
  "16": {
    "ner": 1591.4948575386532
  },
  "17": {
    "ner": 1501.8699082913831
  },
  "18": {
    "ner": 1460.6932981699724
  },
  "19": {
    "ner": 1424.5365976969704
  },
  "20": {
    "ner": 1318.853213635559
  },
  "21": {
    "ner": 1319.0599703035625
  },
  "22": {
    "ner": 1272.5026174956852
  },
  "23": {
    "ner": 1204.0559092779195
  },
  "24": {
    "ner": 1134.3774138316273
  },
  "25": {
    "ner": 1095.809664615431
  },
  "26": {
    "ner": 1097.9043176146185
  },
  "27": {
    "ner": 1116.6831391927558
  },
  "28": {
    "ner": 1020.4356099952719
  },
  "29": {
    "ner": 981.7895619759202
  },
  "30": {
    "ner": 982.7624122704768
  },
  "31": {
    "ner": 960.4681633308783
  },
  "32": {
    "ner": 945.3227009524644
  },
  "33": {
    "ner": 921.7054183424219
  },
  "34": {
    "ner": 958.3053610271664
  },
  "35": {
    "ner": 891.1694104419339
  },
  "36": {
    "ner": 803.7409346897026
  },
  "37": {
    "ner": 865.879429169481
  },
  "38": {
    "ner": 865.7197015179021
  },
  "39": {
    "ner": 887.0317790766686
  },
  "40": {
    "ner": 810.5848617846348
  },
  "41": {
    "ner": 794.236488092979
  },
  "42": {
    "ner": 816.8776089232576
  },
  "43": {
    "ner": 823.0951258006621
  },
  "44": {
    "ner": 725.980628702447
  },
  "45": {
    "ner": 761.8655711346174
  },
  "46": {
    "ner": 684.7337304238611
  },
  "47": {
    "ner": 739.3929261766375
  },
  "48": {
    "ner": 696.4051204650694
  },
  "49": {
    "ner": 722.5678919430167
  },
  "50": {
    "ner": 732.8866136582129
  },
  "51": {
    "ner": 685.7781442291424
  }
}